method,task,dataset,scene,jsr,patch_layer,coreset_ratio,freq_window,nn_topk,nn_agg,coreset_method,rowwise_coreset,memory_mode,freq_zscore,row_proto_zscore,position_soft_axis,position_soft_weight,coherence_alpha,coherence_top_ratio,text_auc,vit_patchcore_max_auc,harmonic_text_vit_patchcore_max_auc,vit_patchcore_top0p01_auc,harmonic_text_vit_patchcore_top0p01_auc,vit_patchcore_top0p05_auc,harmonic_text_vit_patchcore_top0p05_auc,vit_patchcore_top0p1_auc,harmonic_text_vit_patchcore_top0p1_auc
vit_patchcore_gallery_cls,cls,burst_signal,WeaponMuseum_spectrum,m10db,concat,0.1,-1,1,mean,farthest,0,global_nn,0,0,frequency,0.0,0.0,0.05,82.84508440913605,96.64846077457796,96.72293942403178,96.32571996027805,96.30089374379345,94.93545183714002,94.93545183714002,93.19761668321748,93.19761668321748
vit_patchcore_gallery_cls,cls,burst_signal,WeaponMuseum_spectrum,m20db,concat,0.1,-1,1,mean,farthest,0,global_nn,0,0,frequency,0.0,0.0,0.05,83.25471698113208,95.03475670307846,94.96027805362463,95.1837140019861,95.2085402184707,93.64448857994043,93.66931479642504,91.06256206554121,91.11221449851043
vit_patchcore_gallery_cls,cls,burst_signal,WeaponMuseum_spectrum,m30db,concat,0.1,-1,1,mean,farthest,0,global_nn,0,0,frequency,0.0,0.0,0.05,76.00546176762663,88.8282025819265,88.85302879841112,89.39920556107249,89.37437934458788,88.23237338629593,88.30685203574976,84.73187686196624,84.85600794438928
vit_patchcore_gallery_cls,cls,chirp_signal,WeaponMuseum_spectrum,m10db,concat,0.1,-1,1,mean,farthest,0,global_nn,0,0,frequency,0.0,0.0,0.05,94.19978517722879,99.35553168635876,99.35553168635876,98.796992481203,98.796992481203,96.28356605800215,96.39097744360903,94.52201933404942,94.73684210526315
vit_patchcore_gallery_cls,cls,chirp_signal,WeaponMuseum_spectrum,m20db,concat,0.1,-1,1,mean,farthest,0,global_nn,0,0,frequency,0.0,0.0,0.05,85.25195024246257,97.72296015180265,97.7651275563989,97.55429053341767,97.4910394265233,95.50917141049968,95.53025511279782,93.50621969217794,93.63272190596669
vit_patchcore_gallery_cls,cls,chirp_signal,WeaponMuseum_spectrum,m30db,concat,0.1,-1,1,mean,farthest,0,global_nn,0,0,frequency,0.0,0.0,0.05,85.22702347005922,97.69686334722527,97.74073261680194,96.51239306865541,96.66593551217373,92.05966220662425,92.19127001535425,89.64685237990788,89.86619872779117
vit_patchcore_gallery_cls,cls,dsss_signal,WeaponMuseum_spectrum,m10db,concat,0.1,-1,1,mean,farthest,0,global_nn,0,0,frequency,0.0,0.0,0.05,88.69997926601701,93.57246527057848,93.61393323657474,94.21521874352064,94.21521874352064,96.41302094132283,96.43375492432097,97.07650839726311,97.11797636325939
vit_patchcore_gallery_cls,cls,dsss_signal,WeaponMuseum_spectrum,m20db,concat,0.1,-1,1,mean,farthest,0,global_nn,0,0,frequency,0.0,0.0,0.05,90.58677171884719,93.13705162761767,93.26145552560648,94.11154882852996,94.27742069251504,97.01430644826871,97.07650839726311,97.677793904209,97.71926187020526
vit_patchcore_gallery_cls,cls,dsss_signal,WeaponMuseum_spectrum,m30db,concat,0.1,-1,1,mean,farthest,0,global_nn,0,0,frequency,0.0,0.0,0.05,78.46775865643791,90.79411154882852,90.87704748082108,91.37466307277629,91.35392908977815,94.48476052249637,94.46402653949824,94.5054945054945,94.52622848849263
vit_patchcore_gallery_cls,cls,pulse_signal,WeaponMuseum_spectrum,m20db,concat,0.1,-1,1,mean,farthest,0,global_nn,0,0,frequency,0.0,0.0,0.05,85.609243697479,99.95331465919702,99.97665732959851,99.95331465919702,99.95331465919702,98.87955182072828,98.87955182072828,96.89542483660131,96.98879551820728
vit_patchcore_gallery_cls,cls,pulse_signal,WeaponMuseum_spectrum,m30db,concat,0.1,-1,1,mean,farthest,0,global_nn,0,0,frequency,0.0,0.0,0.05,81.36363636363635,98.06818181818181,98.04545454545455,97.79545454545455,97.86363636363636,92.02272727272727,92.11363636363636,86.02272727272727,86.29545454545455
vit_patchcore_gallery_cls,cls,pulse_signal,WeaponMuseum_spectrum,m40db,concat,0.1,-1,1,mean,farthest,0,global_nn,0,0,frequency,0.0,0.0,0.05,65.75,66.68181818181817,66.77272727272727,65.22727272727272,65.34090909090908,59.15909090909091,59.52272727272727,54.54545454545454,55.340909090909086
vit_patchcore_gallery_cls,cls,deceptive_signal,WeaponMuseum_spectrum,strong,concat,0.1,-1,1,mean,farthest,0,global_nn,0,0,frequency,0.0,0.0,0.05,89.43236714975846,75.48309178743962,75.84541062801932,76.57004830917874,76.93236714975845,82.0048309178744,82.3671497584541,82.6086956521739,82.85024154589372
vit_patchcore_gallery_cls,cls,deceptive_signal,WeaponMuseum_spectrum,medium,concat,0.1,-1,1,mean,farthest,0,global_nn,0,0,frequency,0.0,0.0,0.05,89.97584541062803,77.77777777777779,77.89855072463769,79.10628019323671,79.58937198067633,80.31400966183575,80.43478260869566,79.71014492753623,79.83091787439615
vit_patchcore_gallery_cls,cls,deceptive_signal,WeaponMuseum_spectrum,weak,concat,0.1,-1,1,mean,farthest,0,global_nn,0,0,frequency,0.0,0.0,0.05,89.1304347826087,77.17391304347827,77.53623188405797,75.0,75.48309178743962,78.26086956521739,78.50241545893721,77.17391304347827,77.41545893719807
vit_patchcore_gallery_cls,cls,burst_signal,Playground_spectrum,m10db,concat,0.1,-1,1,mean,farthest,0,global_nn,0,0,frequency,0.0,0.0,0.05,80.20399047051816,99.92555092316856,99.92555092316856,99.97022036926741,99.97022036926741,99.79154258487195,99.77665276950567,99.04705181655747,99.03216200119118
vit_patchcore_gallery_cls,cls,burst_signal,Playground_spectrum,m20db,concat,0.1,-1,1,mean,farthest,0,global_nn,0,0,frequency,0.0,0.0,0.05,73.32489577129243,99.91066110780227,99.91066110780227,99.89577129243598,99.89577129243598,99.67242406194163,99.68731387730793,99.06194163192377,99.03216200119118
vit_patchcore_gallery_cls,cls,burst_signal,Playground_spectrum,m30db,concat,0.1,-1,1,mean,farthest,0,global_nn,0,0,frequency,0.0,0.0,0.05,66.50704225352112,93.84507042253522,93.95774647887323,93.80281690140845,93.87323943661973,92.40845070422536,92.54929577464789,90.70422535211267,90.87323943661973
vit_patchcore_gallery_cls,cls,chirp_signal,Playground_spectrum,m10db,concat,0.1,-1,1,mean,farthest,0,global_nn,0,0,frequency,0.0,0.0,0.05,93.76969537815127,99.98686974789916,99.98686974789916,99.93434873949579,99.94747899159664,99.00210084033614,99.08088235294117,98.00420168067228,98.109243697479
vit_patchcore_gallery_cls,cls,chirp_signal,Playground_spectrum,m20db,concat,0.1,-1,1,mean,farthest,0,global_nn,0,0,frequency,0.0,0.0,0.05,88.17708333333333,99.64120370370371,99.65277777777779,99.45601851851852,99.45601851851852,97.74305555555556,97.8125,97.08333333333333,97.0949074074074
vit_patchcore_gallery_cls,cls,chirp_signal,Playground_spectrum,m30db,concat,0.1,-1,1,mean,farthest,0,global_nn,0,0,frequency,0.0,0.0,0.05,75.63231850117096,96.47540983606557,96.52224824355973,96.52224824355973,96.47540983606558,95.0585480093677,95.16393442622952,93.19672131147541,93.32552693208432
vit_patchcore_gallery_cls,cls,dsss_signal,Playground_spectrum,m10db,concat,0.1,-1,1,mean,farthest,0,global_nn,0,0,frequency,0.0,0.0,0.05,74.15203984819733,93.78557874762808,93.7262808349146,94.44971537001898,94.36669829222011,96.13377609108159,96.06261859582543,96.82163187855788,96.7860531309298
vit_patchcore_gallery_cls,cls,dsss_signal,Playground_spectrum,m20db,concat,0.1,-1,1,mean,farthest,0,global_nn,0,0,frequency,0.0,0.0,0.05,87.36954459203037,94.69876660341556,94.76992409867172,95.10199240986718,95.19686907020872,96.38282732447819,96.35910815939279,96.80977229601518,96.80977229601518
vit_patchcore_gallery_cls,cls,dsss_signal,Playground_spectrum,m30db,concat,0.1,-1,1,mean,farthest,0,global_nn,0,0,frequency,0.0,0.0,0.05,76.15037950664136,92.29127134724858,92.37428842504744,93.28747628083491,93.34677419354837,95.37476280834915,95.42220113851992,95.74240986717267,95.78984819734345
vit_patchcore_gallery_cls,cls,pulse_signal,Playground_spectrum,m20db,concat,0.1,-1,1,mean,farthest,0,global_nn,0,0,frequency,0.0,0.0,0.05,74.40025252525253,99.96212121212122,99.96212121212122,100.0,100.0,99.11616161616162,99.22979797979798,96.76767676767678,97.00757575757576
vit_patchcore_gallery_cls,cls,pulse_signal,Playground_spectrum,m30db,concat,0.1,-1,1,mean,farthest,0,global_nn,0,0,frequency,0.0,0.0,0.05,66.16030092592592,99.89872685185186,99.89872685185186,100.0,100.0,99.04513888888889,99.04513888888889,96.39756944444444,96.52777777777777
vit_patchcore_gallery_cls,cls,pulse_signal,Playground_spectrum,m40db,concat,0.1,-1,1,mean,farthest,0,global_nn,0,0,frequency,0.0,0.0,0.05,51.060118089103604,89.72088030059044,89.73429951690821,89.98926462694578,90.00268384326355,80.58239398819109,80.48845947396673,74.70477724100913,74.65110037573805
vit_patchcore_gallery_cls,cls,deceptive_signal,Playground_spectrum,strong,concat,0.1,-1,1,mean,farthest,0,global_nn,0,0,frequency,0.0,0.0,0.05,35.58238636363636,67.4715909090909,67.25852272727273,71.83948863636364,71.66193181818181,81.85369318181819,81.71164772727273,84.55255681818181,84.51704545454545
vit_patchcore_gallery_cls,cls,deceptive_signal,Playground_spectrum,medium,concat,0.1,-1,1,mean,farthest,0,global_nn,0,0,frequency,0.0,0.0,0.05,31.658380681818176,52.02414772727273,51.5625,56.67613636363635,56.28551136363637,71.09375,70.84517045454545,75.63920454545455,75.42613636363636
vit_patchcore_gallery_cls,cls,deceptive_signal,Playground_spectrum,weak,concat,0.1,-1,1,mean,farthest,0,global_nn,0,0,frequency,0.0,0.0,0.05,28.693181818181817,39.24005681818182,39.0625,40.87357954545454,40.12784090909091,55.89488636363637,55.25568181818182,61.96732954545454,61.00852272727273
vit_patchcore_gallery_cls,cls,burst_signal,TimeSquare_spectrum,m10db,concat,0.1,-1,1,mean,farthest,0,global_nn,0,0,frequency,0.0,0.0,0.05,90.62499999999999,99.9855324074074,99.9855324074074,99.9855324074074,99.9855324074074,99.53703703703705,99.55150462962963,98.8425925925926,98.91493055555556
vit_patchcore_gallery_cls,cls,burst_signal,TimeSquare_spectrum,m20db,concat,0.1,-1,1,mean,farthest,0,global_nn,0,0,frequency,0.0,0.0,0.05,87.2022036926742,100.0,100.0,100.0,100.0,99.59797498511018,99.61286480047647,99.22572960095295,99.3001786777844
vit_patchcore_gallery_cls,cls,burst_signal,TimeSquare_spectrum,m30db,concat,0.1,-1,1,mean,farthest,0,global_nn,0,0,frequency,0.0,0.0,0.05,79.98064324002382,99.73198332340678,99.73198332340678,99.97022036926741,99.95533055390112,98.8832638475283,98.95771292435974,96.79868969624776,96.84335914234663
vit_patchcore_gallery_cls,cls,chirp_signal,TimeSquare_spectrum,m10db,concat,0.1,-1,1,mean,farthest,0,global_nn,0,0,frequency,0.0,0.0,0.05,89.5457298606905,99.6365838885524,99.64869775893398,99.78195033313145,99.78195033313145,98.95820714718353,98.93397940642035,98.46153846153845,98.48576620230163
vit_patchcore_gallery_cls,cls,chirp_signal,TimeSquare_spectrum,m20db,concat,0.1,-1,1,mean,farthest,0,global_nn,0,0,frequency,0.0,0.0,0.05,90.93676814988291,97.3536299765808,97.36533957845434,97.20140515222482,97.2599531615925,95.6791569086651,95.76112412177986,94.88290398126463,95.0936768149883
vit_patchcore_gallery_cls,cls,chirp_signal,TimeSquare_spectrum,m30db,concat,0.1,-1,1,mean,farthest,0,global_nn,0,0,frequency,0.0,0.0,0.05,71.24935666495111,96.57745753988677,96.46165723108594,96.47452393206383,96.358723623263,95.53525476067936,95.3937210499228,94.11991765311373,93.9269171384457
vit_patchcore_gallery_cls,cls,dsss_signal,TimeSquare_spectrum,m10db,concat,0.1,-1,1,mean,farthest,0,global_nn,0,0,frequency,0.0,0.0,0.05,94.28368121442125,95.16129032258064,95.41034155597723,95.62381404174573,95.84914611005692,96.32352941176471,96.48956356736242,97.27229601518026,97.52134724857684
vit_patchcore_gallery_cls,cls,dsss_signal,TimeSquare_spectrum,m20db,concat,0.1,-1,1,mean,farthest,0,global_nn,0,0,frequency,0.0,0.0,0.05,91.11717267552181,96.05075901328273,96.1219165085389,97.67552182163188,97.75853889943073,99.3595825426945,99.38330170777989,99.71537001897534,99.72722960151803
vit_patchcore_gallery_cls,cls,dsss_signal,TimeSquare_spectrum,m30db,concat,0.1,-1,1,mean,farthest,0,global_nn,0,0,frequency,0.0,0.0,0.05,74.38330170777989,91.71015180265655,91.68643263757114,93.93975332068311,93.97533206831119,96.64373814041745,96.59629981024669,97.54506641366224,97.54506641366224
vit_patchcore_gallery_cls,cls,pulse_signal,TimeSquare_spectrum,m20db,concat,0.1,-1,1,mean,farthest,0,global_nn,0,0,frequency,0.0,0.0,0.05,83.43058968058968,99.98464373464373,99.98464373464373,100.0,100.0,99.84643734643734,99.84643734643734,99.1554054054054,99.23218673218673
vit_patchcore_gallery_cls,cls,pulse_signal,TimeSquare_spectrum,m30db,concat,0.1,-1,1,mean,farthest,0,global_nn,0,0,frequency,0.0,0.0,0.05,68.80032206119162,98.4165324745035,98.3762748255502,98.63123993558777,98.48362855609233,97.26247987117553,97.31615673644659,94.73966720343532,94.76650563607085
vit_patchcore_gallery_cls,cls,pulse_signal,TimeSquare_spectrum,m40db,concat,0.1,-1,1,mean,farthest,0,global_nn,0,0,frequency,0.0,0.0,0.05,60.098379629629626,98.97280092592592,98.94386574074075,98.2494212962963,98.22048611111111,88.8599537037037,88.97569444444444,82.00231481481481,82.47974537037037
vit_patchcore_gallery_cls,cls,deceptive_signal,TimeSquare_spectrum,strong,concat,0.1,-1,1,mean,farthest,0,global_nn,0,0,frequency,0.0,0.0,0.05,77.00639204545455,90.05681818181819,90.48295454545455,91.93892045454545,92.40056818181819,95.63210227272727,95.703125,96.30681818181819,96.34232954545455
vit_patchcore_gallery_cls,cls,deceptive_signal,TimeSquare_spectrum,medium,concat,0.1,-1,1,mean,farthest,0,global_nn,0,0,frequency,0.0,0.0,0.05,81.67613636363636,86.00852272727273,86.43465909090908,88.42329545454545,88.92045454545455,93.359375,93.82102272727273,94.99289772727273,95.13494318181819
vit_patchcore_gallery_cls,cls,deceptive_signal,TimeSquare_spectrum,weak,concat,0.1,-1,1,mean,farthest,0,global_nn,0,0,frequency,0.0,0.0,0.05,83.18536931818183,83.0965909090909,83.77130681818181,85.93749999999999,86.50568181818181,93.11079545454545,93.4659090909091,94.2471590909091,94.38920454545455
vit_patchcore_gallery_cls,cls,burst_signal,Gymnasium_spectrum,m10db,concat,0.1,-1,1,mean,farthest,0,global_nn,0,0,frequency,0.0,0.0,0.05,87.42042824074073,100.0,100.0,100.0,100.0,99.66724537037037,99.66724537037037,99.30555555555556,99.34895833333333
vit_patchcore_gallery_cls,cls,burst_signal,Gymnasium_spectrum,m20db,concat,0.1,-1,1,mean,farthest,0,global_nn,0,0,frequency,0.0,0.0,0.05,84.25352112676056,98.22535211267606,98.21126760563381,97.91549295774648,97.91549295774648,97.50704225352112,97.47887323943662,97.0,96.98591549295774
vit_patchcore_gallery_cls,cls,burst_signal,Gymnasium_spectrum,m30db,concat,0.1,-1,1,mean,farthest,0,global_nn,0,0,frequency,0.0,0.0,0.05,79.66901408450704,96.91549295774647,96.95774647887323,97.19718309859154,97.16901408450703,96.30985915492957,96.32394366197184,95.22535211267605,95.15492957746478
vit_patchcore_gallery_cls,cls,chirp_signal,Gymnasium_spectrum,m10db,concat,0.1,-1,1,mean,farthest,0,global_nn,0,0,frequency,0.0,0.0,0.05,93.73391662377766,99.93566649511065,99.93566649511065,99.84559958826557,99.84559958826557,99.5882655687082,99.63973237261966,99.29233144621719,99.31806484817294
vit_patchcore_gallery_cls,cls,chirp_signal,Gymnasium_spectrum,m20db,concat,0.1,-1,1,mean,farthest,0,global_nn,0,0,frequency,0.0,0.0,0.05,85.540771484375,98.84033203125,98.828125,98.66943359375,98.6328125,98.095703125,98.095703125,97.57080078125,97.5830078125
vit_patchcore_gallery_cls,cls,chirp_signal,Gymnasium_spectrum,m30db,concat,0.1,-1,1,mean,farthest,0,global_nn,0,0,frequency,0.0,0.0,0.05,49.17628667628668,87.25348725348725,87.20538720538721,87.07311207311207,87.15728715728717,85.31746031746033,85.30543530543531,83.45358345358346,83.33333333333334
vit_patchcore_gallery_cls,cls,dsss_signal,Gymnasium_spectrum,m10db,concat,0.1,-1,1,mean,farthest,0,global_nn,0,0,frequency,0.0,0.0,0.05,92.76565464895636,97.81783681214421,97.79411764705883,98.60056925996206,98.56499051233398,99.50189753320683,99.44259962049337,99.75094876660341,99.72722960151803
vit_patchcore_gallery_cls,cls,dsss_signal,Gymnasium_spectrum,m20db,concat,0.1,-1,1,mean,farthest,0,global_nn,0,0,frequency,0.0,0.0,0.05,95.63567362428843,94.36669829222012,94.60388994307401,94.78178368121442,94.95967741935483,98.51755218216319,98.55313092979127,99.08681214421253,99.11053130929793
vit_patchcore_gallery_cls,cls,dsss_signal,Gymnasium_spectrum,m30db,concat,0.1,-1,1,mean,farthest,0,global_nn,0,0,frequency,0.0,0.0,0.05,74.62642314990514,91.65085388994308,91.72201138519924,92.2556925996205,92.35056925996206,96.82163187855788,96.83349146110058,97.24857685009486,97.27229601518027
vit_patchcore_gallery_cls,cls,pulse_signal,Gymnasium_spectrum,m20db,concat,0.1,-1,1,mean,farthest,0,global_nn,0,0,frequency,0.0,0.0,0.05,84.76641414141413,99.98737373737374,99.98737373737374,100.0,100.0,99.57070707070707,99.57070707070707,98.78787878787878,98.83838383838383
vit_patchcore_gallery_cls,cls,pulse_signal,Gymnasium_spectrum,m30db,concat,0.1,-1,1,mean,farthest,0,global_nn,0,0,frequency,0.0,0.0,0.05,74.92253521126761,99.59154929577466,99.5774647887324,99.80281690140845,99.78873239436619,99.30985915492958,99.35211267605634,98.66197183098592,98.7605633802817
vit_patchcore_gallery_cls,cls,pulse_signal,Gymnasium_spectrum,m40db,concat,0.1,-1,1,mean,farthest,0,global_nn,0,0,frequency,0.0,0.0,0.05,43.25682382133995,45.06203473945409,44.91315136476427,42.729528535980144,42.60545905707196,39.925558312655085,39.86352357320099,39.540942928039705,39.30521091811415
vit_patchcore_gallery_cls,cls,deceptive_signal,Gymnasium_spectrum,strong,concat,0.1,-1,1,mean,farthest,0,global_nn,0,0,frequency,0.0,0.0,0.05,41.17542613636363,91.12215909090911,91.22869318181817,93.78551136363636,93.67897727272727,98.1534090909091,98.22443181818181,98.89914772727273,98.9346590909091
vit_patchcore_gallery_cls,cls,deceptive_signal,Gymnasium_spectrum,medium,concat,0.1,-1,1,mean,farthest,0,global_nn,0,0,frequency,0.0,0.0,0.05,26.86434659090909,97.72727272727273,97.72727272727273,98.65056818181819,98.61505681818183,99.57386363636364,99.5028409090909,100.0,100.0
vit_patchcore_gallery_cls,cls,deceptive_signal,Gymnasium_spectrum,weak,concat,0.1,-1,1,mean,farthest,0,global_nn,0,0,frequency,0.0,0.0,0.05,36.48792613636363,99.64488636363636,99.64488636363636,100.0,100.0,100.0,100.0,100.0,100.0
