method,task,dataset,scene,jsr,promptad_rescore_auc,resnet18_layer2_gallery_top0.1_auc,resnet18_layer2_fusion_raw_lam0.2_auc,resnet18_layer2_fusion_minmax_lam0.2_auc,resnet18_layer2_fusion_z_lam0.2_auc,resnet18_layer2_fusion_raw_lam0.5_auc,resnet18_layer2_fusion_minmax_lam0.5_auc,resnet18_layer2_fusion_z_lam0.5_auc,resnet18_layer2_fusion_raw_lam1_auc,resnet18_layer2_fusion_minmax_lam1_auc,resnet18_layer2_fusion_z_lam1_auc,resnet18_layer2_fusion_raw_lam1.5_auc,resnet18_layer2_fusion_minmax_lam1.5_auc,resnet18_layer2_fusion_z_lam1.5_auc,resnet18_layer2_fusion_raw_lam2_auc,resnet18_layer2_fusion_minmax_lam2_auc,resnet18_layer2_fusion_z_lam2_auc,resnet18_layer2_fusion_raw_lam3_auc,resnet18_layer2_fusion_minmax_lam3_auc,resnet18_layer2_fusion_z_lam3_auc,resnet18_layer3_gallery_top0.1_auc,resnet18_layer3_fusion_raw_lam0.2_auc,resnet18_layer3_fusion_minmax_lam0.2_auc,resnet18_layer3_fusion_z_lam0.2_auc,resnet18_layer3_fusion_raw_lam0.5_auc,resnet18_layer3_fusion_minmax_lam0.5_auc,resnet18_layer3_fusion_z_lam0.5_auc,resnet18_layer3_fusion_raw_lam1_auc,resnet18_layer3_fusion_minmax_lam1_auc,resnet18_layer3_fusion_z_lam1_auc,resnet18_layer3_fusion_raw_lam1.5_auc,resnet18_layer3_fusion_minmax_lam1.5_auc,resnet18_layer3_fusion_z_lam1.5_auc,resnet18_layer3_fusion_raw_lam2_auc,resnet18_layer3_fusion_minmax_lam2_auc,resnet18_layer3_fusion_z_lam2_auc,resnet18_layer3_fusion_raw_lam3_auc,resnet18_layer3_fusion_minmax_lam3_auc,resnet18_layer3_fusion_z_lam3_auc,formal_baseline_auc,delta_promptad_rescore_auc_vs_formal,delta_resnet18_layer2_gallery_top0.1_auc_vs_formal,delta_resnet18_layer2_fusion_raw_lam0.2_auc_vs_formal,delta_resnet18_layer2_fusion_minmax_lam0.2_auc_vs_formal,delta_resnet18_layer2_fusion_z_lam0.2_auc_vs_formal,delta_resnet18_layer2_fusion_raw_lam0.5_auc_vs_formal,delta_resnet18_layer2_fusion_minmax_lam0.5_auc_vs_formal,delta_resnet18_layer2_fusion_z_lam0.5_auc_vs_formal,delta_resnet18_layer2_fusion_raw_lam1_auc_vs_formal,delta_resnet18_layer2_fusion_minmax_lam1_auc_vs_formal,delta_resnet18_layer2_fusion_z_lam1_auc_vs_formal,delta_resnet18_layer2_fusion_raw_lam1.5_auc_vs_formal,delta_resnet18_layer2_fusion_minmax_lam1.5_auc_vs_formal,delta_resnet18_layer2_fusion_z_lam1.5_auc_vs_formal,delta_resnet18_layer2_fusion_raw_lam2_auc_vs_formal,delta_resnet18_layer2_fusion_minmax_lam2_auc_vs_formal,delta_resnet18_layer2_fusion_z_lam2_auc_vs_formal,delta_resnet18_layer2_fusion_raw_lam3_auc_vs_formal,delta_resnet18_layer2_fusion_minmax_lam3_auc_vs_formal,delta_resnet18_layer2_fusion_z_lam3_auc_vs_formal,delta_resnet18_layer3_gallery_top0.1_auc_vs_formal,delta_resnet18_layer3_fusion_raw_lam0.2_auc_vs_formal,delta_resnet18_layer3_fusion_minmax_lam0.2_auc_vs_formal,delta_resnet18_layer3_fusion_z_lam0.2_auc_vs_formal,delta_resnet18_layer3_fusion_raw_lam0.5_auc_vs_formal,delta_resnet18_layer3_fusion_minmax_lam0.5_auc_vs_formal,delta_resnet18_layer3_fusion_z_lam0.5_auc_vs_formal,delta_resnet18_layer3_fusion_raw_lam1_auc_vs_formal,delta_resnet18_layer3_fusion_minmax_lam1_auc_vs_formal,delta_resnet18_layer3_fusion_z_lam1_auc_vs_formal,delta_resnet18_layer3_fusion_raw_lam1.5_auc_vs_formal,delta_resnet18_layer3_fusion_minmax_lam1.5_auc_vs_formal,delta_resnet18_layer3_fusion_z_lam1.5_auc_vs_formal,delta_resnet18_layer3_fusion_raw_lam2_auc_vs_formal,delta_resnet18_layer3_fusion_minmax_lam2_auc_vs_formal,delta_resnet18_layer3_fusion_z_lam2_auc_vs_formal,delta_resnet18_layer3_fusion_raw_lam3_auc_vs_formal,delta_resnet18_layer3_fusion_minmax_lam3_auc_vs_formal,delta_resnet18_layer3_fusion_z_lam3_auc_vs_formal
cls_resnet_gallery_fusion,cls,burst_signal,WeaponMuseum_spectrum,m10db,80.13736263736264,79.17582417582418,81.81318681318682,81.15384615384616,81.0989010989011,82.63736263736263,81.86813186813188,81.92307692307692,82.3076923076923,82.58241758241758,82.63736263736263,82.14285714285714,82.25274725274726,82.36263736263736,81.64835164835165,82.41758241758241,82.52747252747253,81.04395604395604,82.03296703296704,81.92307692307692,91.2087912087912,89.01098901098901,83.79120879120879,82.96703296703298,90.76923076923077,87.36263736263736,86.26373626373626,90.93406593406593,89.94505494505495,89.01098901098901,90.98901098901099,90.65934065934066,90.05494505494505,91.04395604395604,90.87912087912088,90.65934065934066,91.04395604395604,90.93406593406593,90.82417582417582,90.2747,-10.137337362637354,-11.09887582417582,-8.461513186813178,-9.120853846153835,-9.1757989010989,-7.637337362637368,-8.406568131868113,-8.351623076923076,-7.967007692307689,-7.692282417582419,-7.637337362637368,-8.131842857142857,-8.02195274725274,-7.912062637362638,-8.626348351648346,-7.857117582417587,-7.74722747252747,-9.230743956043952,-8.24173296703296,-8.351623076923076,0.9340912087912017,-1.2637109890109883,-6.483491208791207,-7.307667032967018,0.4945307692307779,-2.912062637362638,-4.010963736263733,0.6593659340659315,-0.3296450549450469,-1.2637109890109883,0.7143109890109969,0.3846406593406613,-0.21975494505494453,0.7692560439560481,0.6044208791208803,0.3846406593406613,0.7692560439560481,0.6593659340659315,0.5494758241758291
cls_resnet_gallery_fusion,cls,burst_signal,WeaponMuseum_spectrum,m20db,76.20879120879121,72.63736263736263,77.80219780219781,77.36263736263737,77.36263736263737,77.3076923076923,77.91208791208793,77.91208791208793,76.59340659340658,77.3076923076923,77.3076923076923,75.43956043956044,76.97802197802199,76.92307692307693,75.21978021978022,76.42857142857142,76.42857142857142,74.8901098901099,75.43956043956044,75.43956043956044,87.91208791208791,85.16483516483517,80.71428571428572,79.83516483516485,87.08791208791207,84.17582417582418,82.96703296703298,88.07692307692307,86.59340659340658,85.54945054945054,87.9120879120879,87.25274725274724,86.75824175824175,87.91208791208791,87.52747252747251,87.25274725274724,88.13186813186813,88.02197802197801,87.85714285714285,85.7692,-9.560408791208786,-13.13183736263737,-7.967002197802188,-8.406562637362626,-8.406562637362626,-8.461507692307691,-7.857112087912071,-7.857112087912071,-9.175793406593414,-8.461507692307691,-8.461507692307691,-10.32963956043956,-8.791178021978013,-8.846123076923064,-10.549419780219779,-9.340628571428581,-9.340628571428581,-10.8790901098901,-10.32963956043956,-10.32963956043956,2.1428879120879145,-0.6043648351648301,-5.0549142857142755,-5.9340351648351515,1.3187120879120755,-1.5933758241758227,-2.80216703296702,2.307723076923068,0.8242065934065863,-0.2197494505494575,2.1428879120879003,1.4835472527472433,0.9890417582417541,2.1428879120879145,1.7582725274725135,1.4835472527472433,2.3626681318681335,2.252778021978017,2.087942857142849
cls_resnet_gallery_fusion,cls,burst_signal,WeaponMuseum_spectrum,m30db,67.3076923076923,62.30769230769231,67.85714285714285,67.91208791208791,67.80219780219781,67.63736263736263,67.36263736263736,67.36263736263737,66.97802197802197,67.47252747252747,67.47252747252747,65.82417582417582,67.14285714285715,67.08791208791209,65.82417582417582,66.59340659340658,66.59340659340658,64.45054945054946,65.98901098901099,65.93406593406593,79.45054945054946,75.43956043956042,71.53846153846153,70.54945054945055,77.74725274725274,74.78021978021978,73.4065934065934,78.73626373626374,76.97802197802199,76.31868131868133,79.06593406593406,77.85714285714286,77.52747252747253,79.34065934065934,78.4065934065934,77.85714285714286,79.3956043956044,78.95604395604396,78.57142857142857,73.6264,-6.318707692307697,-11.318707692307697,-5.769257142857157,-5.714312087912091,-5.824202197802194,-5.989037362637376,-6.263762637362646,-6.263762637362632,-6.648378021978033,-6.153872527472529,-6.153872527472529,-7.802224175824179,-6.483542857142851,-6.538487912087916,-7.802224175824179,-7.03299340659342,-7.03299340659342,-9.175850549450544,-7.637389010989011,-7.692334065934077,5.824149450549456,1.81316043956042,-2.087938461538471,-3.0769494505494492,4.120852747252741,1.1538197802197772,-0.21980659340660225,5.109863736263733,3.3516219780219814,2.6922813186813244,5.439534065934055,4.230742857142857,3.9010725274725218,5.714259340659339,4.780193406593398,4.230742857142857,5.76920439560439,5.329643956043952,4.9450285714285656
cls_resnet_gallery_fusion,cls,burst_signal,Playground_spectrum,m10db,82.53703703703704,92.74074074074073,89.44444444444444,88.14814814814815,87.29629629629629,93.48148148148148,92.62962962962963,91.03703703703704,93.99999999999999,93.81481481481482,93.51851851851852,93.85185185185185,94.07407407407408,93.88888888888889,93.55555555555554,93.81481481481481,94.0,93.37037037037037,93.48148148148148,93.66666666666667,100.0,96.77777777777779,90.77777777777779,88.55555555555556,99.37037037037038,96.29629629629629,93.81481481481481,99.85185185185186,98.77777777777777,97.18518518518519,99.92592592592592,99.48148148148148,98.77777777777777,99.92592592592592,99.62962962962962,99.1111111111111,99.96296296296296,99.92592592592592,99.62962962962962,100.0,-17.462962962962962,-7.259259259259267,-10.555555555555557,-11.851851851851848,-12.70370370370371,-6.518518518518519,-7.370370370370367,-8.962962962962962,-6.000000000000014,-6.185185185185176,-6.481481481481481,-6.148148148148152,-5.925925925925924,-6.111111111111114,-6.444444444444457,-6.1851851851851904,-6.0,-6.629629629629633,-6.518518518518519,-6.333333333333329,0.0,-3.2222222222222143,-9.222222222222214,-11.444444444444443,-0.6296296296296191,-3.7037037037037095,-6.1851851851851904,-0.14814814814813815,-1.2222222222222285,-2.8148148148148096,-0.07407407407407618,-0.518518518518519,-1.2222222222222285,-0.07407407407407618,-0.3703703703703809,-0.8888888888888999,-0.03703703703703809,-0.07407407407407618,-0.3703703703703809
cls_resnet_gallery_fusion,cls,burst_signal,Playground_spectrum,m20db,79.51851851851852,87.96296296296295,85.77777777777779,84.48148148148148,83.40740740740742,88.44444444444444,88.29629629629629,87.37037037037037,89.66666666666666,89.14814814814814,89.0,89.5925925925926,89.74074074074075,89.4074074074074,89.33333333333334,89.62962962962962,89.74074074074075,89.07407407407408,89.22222222222221,89.29629629629629,99.1111111111111,93.33333333333333,87.55555555555556,85.55555555555556,97.29629629629629,93.22222222222223,91.07407407407408,98.48148148148148,96.4074074074074,94.88888888888889,98.92592592592592,97.51851851851852,96.4074074074074,99.03703703703704,98.00000000000001,97.37037037037037,99.07407407407408,98.59259259259258,98.00000000000001,99.1852,-19.666681481481476,-11.222237037037047,-13.407422222222209,-14.703718518518514,-15.777792592592576,-10.740755555555552,-10.888903703703704,-11.814829629629628,-9.518533333333338,-10.037051851851857,-10.185199999999995,-9.5926074074074,-9.444459259259247,-9.77779259259259,-9.851866666666652,-9.555570370370376,-9.444459259259247,-10.111125925925919,-9.96297777777778,-9.888903703703704,-0.07408888888889464,-5.851866666666666,-11.629644444444438,-13.629644444444438,-1.8889037037037042,-5.962977777777766,-8.111125925925919,-0.7037185185185137,-2.77779259259259,-4.296311111111109,-0.2592740740740709,-1.6666814814814757,-2.77779259259259,-0.1481629629629566,-1.1851999999999805,-1.814829629629628,-0.11112592592591852,-0.5926074074074137,-1.1851999999999805
cls_resnet_gallery_fusion,cls,burst_signal,Playground_spectrum,m30db,68.62571022727272,79.82954545454545,74.43181818181817,73.22443181818183,72.90482954545455,78.2315340909091,76.66903409090908,76.17187500000001,79.90056818181817,79.36789772727273,78.83522727272727,80.14914772727273,79.86505681818181,79.86505681818183,80.57528409090908,80.00710227272728,80.11363636363636,80.18465909090908,80.5752840909091,80.39772727272727,94.67329545454545,81.67613636363636,74.7159090909091,74.18323863636364,88.67187499999999,80.00710227272727,79.22585227272727,91.65482954545455,85.08522727272728,84.37499999999999,92.93323863636364,88.24573863636364,87.35795454545455,93.359375,89.70170454545455,89.06250000000001,93.96306818181819,91.51278409090908,91.05113636363636,86.9673,-18.341589772727275,-7.137754545454541,-12.535481818181822,-13.742868181818167,-14.062470454545448,-8.735765909090901,-10.298265909090915,-10.79542499999998,-7.066731818181822,-7.599402272727261,-8.132072727272728,-6.818152272727261,-7.1022431818181815,-7.102243181818167,-6.392015909090915,-6.960197727272714,-6.853663636363635,-6.782640909090915,-6.392015909090901,-6.569572727272728,7.705995454545459,-5.291163636363635,-12.251390909090901,-12.784061363636354,1.7045749999999913,-6.960197727272728,-7.741447727272728,4.687529545454552,-1.882072727272714,-2.5923000000000087,5.965938636363646,1.2784386363636457,0.39065454545455225,6.3920750000000055,2.7344045454545522,2.0952000000000197,6.9957681818181925,4.545484090909085,4.083836363636365
cls_resnet_gallery_fusion,cls,burst_signal,TimeSquare_spectrum,m10db,94.40860215053763,88.6021505376344,96.48745519713262,96.27240143369175,96.16487455197132,96.63082437275986,96.73835125448029,96.7741935483871,95.98566308243728,96.45161290322581,96.55913978494624,95.26881720430109,95.91397849462366,95.94982078853047,94.33691756272401,95.19713261648745,95.26881720430109,92.75985663082437,93.9784946236559,94.08602150537634,98.63799283154123,99.56989247311829,98.42293906810036,97.4551971326165,99.56989247311829,99.46236559139786,99.10394265232976,99.3189964157706,99.60573476702508,99.53405017921146,99.10394265232975,99.56989247311829,99.60573476702508,99.03225806451613,99.39068100358423,99.56989247311829,98.85304659498208,99.28315412186379,99.39068100358423,99.7133,-5.3046978494623716,-11.111149462365603,-3.2258448028673854,-3.440898566308249,-3.5484254480286808,-3.082475627240143,-2.9749487455197112,-2.9391064516129006,-3.7276369175627195,-3.261687096774196,-3.154160215053764,-4.444482795698917,-3.7993215053763407,-3.76347921146953,-5.376382437275993,-4.516167383512553,-4.444482795698917,-6.9534433691756306,-5.734805376344099,-5.627278494623667,-1.075307168458778,-0.14340752688171676,-1.2903609318996416,-2.2581028673834993,-0.14340752688171676,-0.25093440860214855,-0.6093573476702403,-0.39430358422940515,-0.10756523297492038,-0.17924982078854157,-0.6093573476702545,-0.14340752688171676,-0.10756523297492038,-0.6810419354838757,-0.32261899641576974,-0.14340752688171676,-0.8602534050179287,-0.43014587813621574,-0.32261899641576974
cls_resnet_gallery_fusion,cls,burst_signal,TimeSquare_spectrum,m20db,93.22222222222221,86.0,95.44444444444444,94.92592592592592,95.0,95.88888888888889,95.96296296296298,96.0,95.55555555555554,95.7037037037037,95.62962962962962,94.5925925925926,95.5925925925926,95.33333333333334,93.4074074074074,94.92592592592592,94.44444444444444,91.88888888888889,93.37037037037035,92.92592592592592,100.0,99.74074074074075,97.96296296296296,97.2962962962963,100.0,99.66666666666667,99.18518518518519,100.0,99.96296296296296,99.88888888888889,100.0,100.0,100.0,100.0,100.0,100.0,100.0,100.0,100.0,98.5185,-5.296277777777789,-12.518500000000003,-3.07405555555556,-3.5925740740740792,-3.518500000000003,-2.6296111111111173,-2.555537037037027,-2.518500000000003,-2.96294444444446,-2.814796296296308,-2.888870370370384,-3.925907407407408,-2.925907407407408,-3.1851666666666603,-5.111092592592598,-3.5925740740740792,-4.07405555555556,-6.629611111111117,-5.148129629629651,-5.592574074074079,1.481499999999997,1.2222407407407445,-0.5555370370370412,-1.2222037037036984,1.481499999999997,1.1481666666666683,0.6666851851851874,1.481499999999997,1.4444629629629588,1.3703888888888827,1.481499999999997,1.481499999999997,1.481499999999997,1.481499999999997,1.481499999999997,1.481499999999997,1.481499999999997,1.481499999999997,1.481499999999997
cls_resnet_gallery_fusion,cls,burst_signal,TimeSquare_spectrum,m30db,87.1111111111111,72.4074074074074,88.5185185185185,88.25925925925927,88.33333333333333,88.18518518518519,88.44444444444446,88.29629629629629,85.74074074074075,86.70370370370371,86.62962962962962,83.07407407407408,85.0,84.44444444444444,81.7037037037037,83.03703703703704,82.81481481481482,79.55555555555554,80.85185185185185,80.62962962962962,98.59259259259258,96.5925925925926,93.62962962962965,92.00000000000001,98.85185185185186,97.2962962962963,95.92592592592592,98.96296296296295,98.81481481481481,98.29629629629629,99.03703703703704,99.0,98.85185185185186,98.96296296296296,99.07407407407408,98.92592592592592,98.96296296296296,99.03703703703704,98.99999999999999,88.7407,-1.6295888888889039,-16.3332925925926,-0.22218148148149908,-0.4814407407407373,-0.4073666666666753,-0.5555148148148135,-0.29625555555554683,-0.4444037037037134,-2.9999592592592563,-2.0369962962962944,-2.111070370370385,-5.666625925925928,-3.740700000000004,-4.296255555555561,-7.036996296296309,-5.703662962962966,-5.92588518518518,-9.185144444444461,-7.888848148148156,-8.111070370370385,9.851892592592577,7.851892592592591,4.888929629629644,3.2593000000000103,10.111151851851858,8.5555962962963,7.18522592592592,10.222262962962944,10.074114814814806,9.555596296296287,10.296337037037034,10.259299999999996,10.111151851851858,10.222262962962958,10.333374074074072,10.18522592592592,10.222262962962958,10.296337037037034,10.259299999999982
cls_resnet_gallery_fusion,cls,burst_signal,Gymnasium_spectrum,m10db,87.921146953405,96.55913978494624,91.46953405017922,91.11111111111111,91.11111111111111,93.97849462365592,93.04659498207886,92.97491039426524,95.84229390681003,95.23297491039426,95.23297491039426,96.415770609319,95.91397849462365,95.91397849462365,96.63082437275985,96.415770609319,96.37992831541219,96.88172043010752,96.7741935483871,96.7741935483871,99.96415770609318,97.4910394265233,93.01075268817203,92.15053763440861,99.49820788530465,96.84587813620071,95.3763440860215,99.92831541218638,99.10394265232975,98.2078853046595,99.96415770609318,99.49820788530465,99.17562724014337,99.96415770609318,99.78494623655914,99.46236559139786,99.96415770609318,99.92831541218638,99.78494623655914,100.0,-12.078853046595,-3.4408602150537604,-8.53046594982078,-8.888888888888886,-8.888888888888886,-6.021505376344081,-6.953405017921142,-7.025089605734763,-4.157706093189972,-4.767025089605738,-4.767025089605738,-3.5842293906810028,-4.086021505376351,-4.086021505376351,-3.3691756272401534,-3.5842293906810028,-3.6200716845878134,-3.1182795698924792,-3.225806451612897,-3.225806451612897,-0.03584229390682481,-2.508960573476699,-6.989247311827967,-7.849462365591393,-0.5017921146953483,-3.15412186379929,-4.623655913978496,-0.07168458781362119,-0.8960573476702507,-1.7921146953405014,-0.03584229390682481,-0.5017921146953483,-0.8243727598566295,-0.03584229390682481,-0.21505376344086358,-0.5376344086021447,-0.03584229390682481,-0.07168458781362119,-0.21505376344086358
cls_resnet_gallery_fusion,cls,burst_signal,Gymnasium_spectrum,m20db,87.44673295454545,94.06960227272727,90.48295454545455,89.98579545454545,89.98579545454545,92.6846590909091,91.47727272727273,91.58380681818183,93.99857954545455,93.6434659090909,93.75,94.4247159090909,94.35369318181819,94.35369318181819,94.4247159090909,94.31818181818183,94.38920454545455,94.8153409090909,94.46022727272728,94.53125000000001,97.51420454545455,96.02272727272727,92.11647727272728,91.15767045454545,97.9403409090909,95.56107954545455,94.35369318181817,97.83380681818181,97.58522727272727,96.83948863636364,97.86931818181817,97.90482954545455,97.72727272727273,97.69176136363636,98.01136363636364,97.9403409090909,97.72727272727273,97.83380681818181,98.046875,97.3722,-9.925467045454553,-3.3025977272727403,-6.88924545454546,-7.386404545454553,-7.386404545454553,-4.687540909090913,-5.894927272727273,-5.788393181818179,-3.37362045454546,-3.7287340909091,-3.6222000000000065,-2.9474840909091,-3.0185068181818195,-3.0185068181818195,-2.9474840909091,-3.0540181818181793,-2.98299545454546,-2.5568590909091,-2.911972727272726,-2.8409499999999923,0.14200454545454022,-1.3494727272727403,-5.255722727272726,-6.214529545454553,0.5681409090909,-1.8111204545454598,-3.0185068181818338,0.4616068181818065,0.21302727272725974,-0.5327113636363663,0.49711818181816625,0.5326295454545402,0.3550727272727272,0.31956136363635324,0.6391636363636337,0.5681409090909,0.3550727272727272,0.4616068181818065,0.6746749999999935
cls_resnet_gallery_fusion,cls,burst_signal,Gymnasium_spectrum,m30db,81.5340909090909,87.07386363636364,83.66477272727273,83.41619318181819,83.3096590909091,85.26278409090908,85.15625,85.01420454545455,86.93181818181817,86.39914772727273,86.328125,87.49999999999999,87.3934659090909,87.35795454545455,87.74857954545455,87.67755681818183,87.67755681818181,87.99715909090908,87.890625,87.89062499999999,97.26562500000001,90.76704545454545,86.54119318181817,85.33380681818181,95.66761363636364,91.37073863636364,89.24005681818183,97.05255681818181,95.27698863636364,93.57244318181817,97.265625,96.44886363636364,95.5965909090909,97.33664772727272,96.98153409090908,96.30681818181817,97.47869318181819,97.19460227272727,97.05255681818181,86.8253,-5.291209090909092,0.24856363636364165,-3.160527272727265,-3.4091068181818116,-3.515640909090905,-1.5625159090909193,-1.6690499999999986,-1.8110954545454518,0.10651818181817418,-0.42615227272726486,-0.4971749999999986,0.6746999999999872,0.5681659090909079,0.5326545454545482,0.9232795454545482,0.8522568181818286,0.8522568181818144,1.1718590909090807,1.0653250000000014,1.0653249999999872,10.440325000000016,3.9417454545454547,-0.2841068181818258,-1.4914931818181856,8.842313636363642,4.545438636363642,2.4147568181818286,10.227256818181814,8.451688636363642,6.747143181818174,10.440325000000001,9.623563636363642,8.771290909090908,10.511347727272721,10.15623409090908,9.481518181818174,10.653393181818188,10.369302272727268,10.227256818181814
cls_resnet_gallery_fusion,cls,chirp_signal,WeaponMuseum_spectrum,m10db,93.14365671641792,88.24626865671642,93.37686567164178,93.37686567164178,93.47014925373134,92.67723880597015,93.37686567164178,93.42350746268654,91.55783582089552,93.00373134328356,93.00373134328356,90.625,92.49067164179104,92.67723880597015,90.20522388059702,91.7910447761194,91.88432835820896,89.64552238805969,91.27798507462686,91.46455223880596,89.59888059701493,93.00373134328359,93.09701492537313,93.14365671641791,91.97761194029852,93.00373134328356,93.19029850746267,91.04477611940298,92.63059701492537,92.86380597014924,90.67164179104478,92.02425373134328,92.39738805970148,90.48507462686568,91.83768656716418,92.07089552238806,90.25186567164178,91.23134328358209,91.51119402985076,96.4086,-3.2649432835820846,-8.162331343283583,-3.031734328358226,-3.031734328358226,-2.9384507462686713,-3.7313611940298586,-3.031734328358226,-2.985092537313463,-4.8507641791044875,-3.4048686567164452,-3.4048686567164452,-5.783600000000007,-3.917928358208968,-3.7313611940298586,-6.203376119402989,-4.617555223880601,-4.524271641791046,-6.763077611940318,-5.130614925373152,-4.944047761194042,-6.809719402985081,-3.404868656716417,-3.3115850746268762,-3.264943283582099,-4.430988059701491,-3.4048686567164452,-3.2183014925373357,-5.363823880597025,-3.778002985074636,-3.544794029850763,-5.73695820895523,-4.384346268656728,-4.011211940298523,-5.923525373134325,-4.570913432835823,-4.33770447761195,-6.156734328358226,-5.177256716417915,-4.897405970149251
cls_resnet_gallery_fusion,cls,chirp_signal,WeaponMuseum_spectrum,m20db,91.40552995391705,89.63133640552996,93.41013824884793,92.67281105990784,92.7188940092166,93.22580645161291,93.31797235023042,93.31797235023042,92.76497695852534,93.41013824884793,93.27188940092167,92.30414746543778,93.31797235023042,93.41013824884791,91.61290322580643,93.2258064516129,93.04147465437788,91.15207373271889,92.85714285714286,92.76497695852534,90.13824884792628,93.04147465437788,92.58064516129033,92.44239631336406,92.16589861751153,92.99539170506912,93.08755760368665,91.33640552995391,92.85714285714286,92.99539170506912,91.01382488479263,92.48847926267281,92.53456221198158,90.8294930875576,92.16589861751153,92.3041474654378,90.69124423963135,91.5668202764977,91.79723502304148,94.7926,-3.3870700460829397,-5.161263594470029,-1.3824617511520643,-2.1197889400921497,-2.0737059907833952,-1.566793548387082,-1.4746276497695732,-1.4746276497695732,-2.027623041474655,-1.3824617511520643,-1.5207105990783276,-2.4884525345622137,-1.4746276497695732,-1.3824617511520785,-3.179696774193559,-1.5667935483870963,-1.751125345622114,-3.6405262672811034,-1.9354571428571319,-2.027623041474655,-4.6543511520737155,-1.751125345622114,-2.2119548387096586,-2.350203686635936,-2.626701382488463,-1.7972082949308685,-1.7050423963133454,-3.4561944700460856,-1.9354571428571319,-1.7972082949308685,-3.7787751152073668,-2.3041207373271817,-2.258037788018413,-3.9631069124423988,-2.626701382488463,-2.4884525345621995,-4.101355760368648,-3.225779723502299,-2.9953649769585127
cls_resnet_gallery_fusion,cls,chirp_signal,WeaponMuseum_spectrum,m30db,86.19257086999022,77.46823069403715,85.92375366568915,86.51026392961877,86.21700879765396,84.79960899315738,86.26588465298143,85.87487781036168,82.35581622678397,85.6793743890518,85.48387096774194,81.08504398826979,84.89736070381232,84.50635386119258,80.69403714565004,84.3108504398827,83.57771260997067,79.56989247311827,82.50244379276637,81.47605083088955,81.13391984359725,86.51026392961876,87.14565004887585,87.04789833822092,84.99511241446726,86.99902248289345,86.95014662756599,84.40860215053763,86.02150537634408,86.11925708699903,83.47996089931574,85.386119257087,85.48387096774194,83.28445747800586,84.94623655913979,84.94623655913979,82.60019550342132,84.65298142717498,84.84848484848484,88.2698,-2.0772291300097834,-10.801569305962857,-2.3460463343108557,-1.7595360703812304,-2.052791202346043,-3.470191006842626,-2.0039153470185767,-2.394922189638322,-5.913983773216032,-2.590425610948202,-2.7859290322580677,-7.184756011730215,-3.372439296187679,-3.7634461388074243,-7.575762854349961,-3.958949560117304,-4.692087390029329,-8.69990752688173,-5.767356207233632,-6.7937491691104555,-7.135880156402749,-1.7595360703812446,-1.1241499511241528,-1.2219016617790857,-3.274687585532746,-1.270777517106552,-1.3196533724340185,-3.8611978494623713,-2.248294623655923,-2.150542913000976,-4.7898391006842616,-2.8836807429130005,-2.7859290322580677,-4.985342521994141,-3.3235634408602124,-3.3235634408602124,-5.669604496578685,-3.616818572825025,-3.4213151515151594
cls_resnet_gallery_fusion,cls,chirp_signal,Playground_spectrum,m10db,97.76383526383526,92.95366795366796,98.8095238095238,98.51994851994851,98.48777348777348,98.84169884169884,98.84169884169884,98.87387387387388,98.1981981981982,98.84169884169884,98.80952380952381,97.58687258687259,98.71299871299873,98.74517374517376,96.78249678249678,98.51994851994853,98.55212355212355,95.94594594594594,98.005148005148,98.1016731016731,96.2033462033462,99.03474903474904,98.55212355212355,98.51994851994851,98.80952380952381,98.90604890604891,98.77734877734878,98.45559845559846,98.97039897039897,99.002574002574,97.97297297297297,98.90604890604891,98.93822393822394,97.55469755469754,98.77734877734878,98.90604890604891,97.29729729729729,98.64864864864866,98.61647361647363,99.9678,-2.2039647361647354,-7.014132046332037,-1.158276190476201,-1.447851480051483,-1.480026512226516,-1.1261011583011538,-1.1261011583011538,-1.0939261261261208,-1.769601801801798,-1.1261011583011538,-1.1582761904761867,-2.3809274131274094,-1.2548012870012712,-1.2226262548262383,-3.1853032175032183,-1.4478514800514688,-1.41567644787645,-4.02185405405406,-1.9626519948519956,-1.8661268983268968,-3.7644537966537968,-0.9330509652509562,-1.41567644787645,-1.447851480051483,-1.1582761904761867,-1.061751093951088,-1.1904512226512196,-1.5122015444015346,-0.9974010296010221,-0.9652259974260033,-1.9948270270270285,-1.061751093951088,-1.029576061776055,-2.4131024453024565,-1.1904512226512196,-1.061751093951088,-2.6705027027027057,-1.319151351351337,-1.35132638352637
cls_resnet_gallery_fusion,cls,chirp_signal,Playground_spectrum,m20db,93.73456790123456,92.09876543209876,96.41975308641975,95.83333333333333,95.64814814814814,96.57407407407406,96.45061728395062,96.38888888888889,96.04938271604938,96.6358024691358,96.60493827160494,95.43209876543209,96.41975308641976,96.57407407407406,95.24691358024691,96.26543209876543,96.32716049382715,94.32098765432099,95.679012345679,96.04938271604938,93.67283950617283,96.97530864197532,96.23456790123456,95.86419753086419,96.79012345679013,96.79012345679013,96.75925925925925,95.98765432098766,96.91358024691357,96.94444444444444,95.61728395061728,96.91358024691358,96.94444444444443,95.21604938271606,96.60493827160494,96.94444444444443,94.62962962962963,96.04938271604938,96.54320987654322,99.8457,-6.111132098765438,-7.746934567901235,-3.4259469135802476,-4.012366666666665,-4.1975518518518555,-3.2716259259259317,-3.395082716049373,-3.456811111111108,-3.7963172839506143,-3.209897530864197,-3.240761728395057,-4.413601234567906,-3.4259469135802334,-3.2716259259259317,-4.5987864197530826,-3.5802679012345635,-3.518539506172843,-5.524712345679006,-4.166687654320995,-3.7963172839506143,-6.172860493827159,-2.8703913580246763,-3.611132098765438,-3.9815024691358047,-3.0555765432098667,-3.0555765432098667,-3.0864407407407413,-3.858045679012335,-2.9321197530864254,-2.901255555555551,-4.228416049382716,-2.932119753086411,-2.901255555555565,-4.629650617283929,-3.240761728395057,-2.901255555555565,-5.21607037037036,-3.7963172839506143,-3.302490123456778
cls_resnet_gallery_fusion,cls,chirp_signal,Playground_spectrum,m30db,84.55812480202724,86.69623059866962,90.27557808045613,88.02660753880266,87.51979727589485,91.384225530567,90.27557808045613,90.08552423186569,90.27557808045613,91.32087424770353,91.06746911624961,89.45201140323091,91.13082039911309,91.35254988913525,89.0402280646183,90.62401013620527,91.03579347481786,88.470066518847,89.99049730757048,90.27557808045613,87.67817548305355,91.13082039911309,88.2166613873931,87.51979727589483,91.35254988913526,90.71903706050047,89.99049730757048,90.37060500475134,91.51092809629394,91.09914475768134,89.42033576179918,91.384225530567,91.41590117199874,89.19860627177701,91.22584732340829,91.32087424770351,88.62844472600571,90.71903706050047,90.90909090909092,96.9908,-12.432675197972756,-10.294569401330378,-6.715221919543865,-8.964192461197328,-9.471002724105148,-5.606574469432999,-6.715221919543865,-6.905275768134302,-6.715221919543865,-5.669925752296464,-5.923330883750381,-7.538788596769081,-5.859979600886902,-5.638250110864746,-7.950571935381689,-6.366789863794722,-5.955006525182128,-8.520733481152988,-7.000302692429514,-6.715221919543865,-9.312624516946443,-5.859979600886902,-8.77413861260689,-9.471002724105162,-5.638250110864732,-6.271762939499524,-7.000302692429514,-6.620194995248653,-5.479871903706055,-5.891655242318649,-7.570464238200813,-5.606574469432999,-5.574898828001253,-7.792193728222983,-5.7649526765917045,-5.6699257522964785,-8.362355273994282,-6.271762939499524,-6.081709090909072
cls_resnet_gallery_fusion,cls,chirp_signal,TimeSquare_spectrum,m10db,97.32340829901806,95.40703199239783,98.09946151409567,97.75102945834652,97.75102945834652,98.09946151409565,98.16281279695914,98.16281279695914,97.87773202407348,98.09946151409565,98.09946151409565,97.43427304402914,98.03611023123219,98.03611023123217,97.08584098828,97.97275894836869,97.90940766550523,96.70573329109915,97.49762432689262,97.46594868546087,96.76908457396262,98.32119100411782,97.97275894836869,97.97275894836869,98.22616407982261,98.25783972125436,98.25783972125436,97.78270509977827,98.41621792841305,98.4478935698448,97.46594868546087,98.25783972125434,98.32119100411784,97.30757047830218,98.19448843839088,98.25783972125436,97.08584098828,97.84605638264175,97.9727589483687,99.3348,-2.011391700981946,-3.927768007602168,-1.235338485904336,-1.5837705416534789,-1.5837705416534789,-1.2353384859043501,-1.1719872030408567,-1.1719872030408567,-1.4570679759265204,-1.2353384859043501,-1.2353384859043501,-1.9005269559708609,-1.2986897687678152,-1.2986897687678294,-2.248959011720004,-1.3620410516313086,-1.4253923344947736,-2.629066708900851,-1.8371756731073816,-1.8688513145391283,-2.565715426037386,-1.01360899588218,-1.3620410516313086,-1.3620410516313086,-1.1086359201773917,-1.076960278745645,-1.076960278745645,-1.5520949002217321,-0.9185820715869539,-0.8869064301552072,-1.8688513145391283,-1.0769602787456591,-1.0136089958821657,-2.0272295216978193,-1.1403115616091242,-1.076960278745645,-2.248959011720004,-1.488743617358253,-1.3620410516312944
cls_resnet_gallery_fusion,cls,chirp_signal,TimeSquare_spectrum,m20db,90.52460949012672,89.15414087827881,92.95608605953434,92.21927497789567,92.18980253463013,93.07397583259652,93.22133804892425,93.04450338933097,92.72030651340997,93.22133804892425,93.07397583259652,91.89507810197463,92.92661361626878,92.92661361626878,91.27615679339817,92.54347185381668,92.77925139994106,90.48040082522841,91.74771588564693,91.98349543177129,94.81284998526377,94.87179487179488,93.36870026525197,92.92661361626878,95.43177129384026,94.75390509873269,94.5181255526083,95.37282640730916,95.28440907751252,95.16651930445033,95.22546419098144,95.43177129384026,95.31388152077807,95.37282640730918,95.4612437371058,95.40229885057471,95.43177129384026,95.43177129384026,95.34335396404363,95.6381,-5.113490509873273,-6.483959121721185,-2.6820139404656516,-3.418825022104329,-3.448297465369862,-2.5641241674034774,-2.416761951075742,-2.5935966106690245,-2.9177934865900284,-2.416761951075742,-2.5641241674034774,-3.7430218980253613,-2.711486383731213,-2.711486383731213,-4.361943206601822,-3.094628146183311,-2.858848600058934,-5.1576991747715795,-3.8903841143530684,-3.654604568228706,-0.8252500147362269,-0.7663051282051185,-2.2693997347480206,-2.711486383731213,-0.20632870615973786,-0.8841949012673069,-1.119974447391698,-0.26527359269083206,-0.35369092248747336,-0.47158069554966175,-0.41263580901855335,-0.20632870615973786,-0.32421847922192626,-0.26527359269081785,-0.17685626289419076,-0.23580114942528496,-0.20632870615973786,-0.20632870615973786,-0.29474603595636495
cls_resnet_gallery_fusion,cls,chirp_signal,TimeSquare_spectrum,m30db,84.1111111111111,86.79365079365078,88.31746031746032,86.44444444444444,86.44444444444444,88.63492063492065,88.31746031746033,88.38095238095238,88.3174603174603,88.69841269841271,88.73015873015873,87.90476190476191,88.47619047619048,88.47619047619048,87.5873015873016,88.25396825396825,88.25396825396825,87.55555555555557,87.99999999999999,87.99999999999999,89.5873015873016,91.01587301587303,87.71428571428571,87.20634920634922,90.95238095238093,90.73015873015873,90.34920634920636,90.95238095238095,90.82539682539682,90.82539682539682,90.5079365079365,90.88888888888889,90.85714285714286,90.47619047619048,90.92063492063492,90.8888888888889,90.47619047619048,90.82539682539684,90.98412698412699,94.8889,-10.777788888888907,-8.095249206349223,-6.57143968253969,-8.444455555555564,-8.444455555555564,-6.25397936507936,-6.571439682539676,-6.507947619047627,-6.571439682539705,-6.1904873015872965,-6.158741269841272,-6.9841380952380945,-6.412709523809525,-6.412709523809525,-7.301598412698411,-6.634931746031754,-6.634931746031754,-7.333344444444435,-6.888900000000021,-6.888900000000021,-5.301598412698411,-3.87302698412698,-7.1746142857142985,-7.68255079365079,-3.936519047619072,-4.158741269841272,-4.539693650793652,-3.9365190476190577,-4.063503174603184,-4.063503174603184,-4.3809634920635006,-4.000011111111121,-4.0317571428571455,-4.412709523809525,-3.968265079365082,-4.000011111111107,-4.412709523809525,-4.06350317460317,-3.904773015873019
cls_resnet_gallery_fusion,cls,chirp_signal,Gymnasium_spectrum,m10db,96.18673050615595,96.44322845417237,97.5718194254446,97.09302325581395,96.99042407660738,98.05061559507524,97.8796169630643,97.81121751025992,97.91381668946649,98.01641586867305,98.05061559507524,97.8796169630643,98.08481532147742,98.11901504787961,97.81121751025991,97.8796169630643,97.94801641586868,97.5376196990424,97.8796169630643,97.8796169630643,98.83720930232558,98.59781121751026,97.64021887824896,97.40082079343365,98.73461012311901,98.39261285909713,98.1532147742818,98.83720930232558,98.66621067031464,98.70041039671682,98.97400820793433,98.73461012311901,98.7688098495212,99.00820793433653,98.83720930232558,98.73461012311901,98.87140902872777,98.83720930232558,98.83720930232558,100.0,-3.8132694938440466,-3.5567715458276297,-2.428180574555398,-2.9069767441860535,-3.0095759233926174,-1.949384404924757,-2.1203830369357064,-2.1887824897400776,-2.0861833105335137,-1.9835841313269498,-1.949384404924757,-2.1203830369357064,-1.9151846785225786,-1.8809849521203859,-2.188782489740092,-2.1203830369357064,-2.051983584131321,-2.462380300957605,-2.1203830369357064,-2.1203830369357064,-1.1627906976744242,-1.4021887824897448,-2.359781121751041,-2.5991792065663475,-1.2653898768809881,-1.6073871409028726,-1.8467852257181931,-1.1627906976744242,-1.3337893296853593,-1.2995896032831808,-1.0259917920656676,-1.2653898768809881,-1.2311901504787954,-0.9917920656634749,-1.1627906976744242,-1.2653898768809881,-1.1285909712722315,-1.1627906976744242,-1.1627906976744242
cls_resnet_gallery_fusion,cls,chirp_signal,Gymnasium_spectrum,m20db,91.96875,92.8125,94.34375,93.65625,93.8125,95.0,94.4375,94.625,94.6875,94.9375,95.03125,94.28125,94.87500000000001,94.78125,94.12499999999999,94.75,94.71875,93.65625,94.59375,94.40625,96.71875,96.5,94.5625,94.5,96.93750000000001,96.15625,96.03125,97.1875,96.84375,96.84375,97.0,96.90625000000001,96.90625000000001,97.125,96.96875,96.9375,97.0625,97.21875000000001,97.125,97.625,-5.65625,-4.8125,-3.28125,-3.96875,-3.8125,-2.625,-3.1875,-3.0,-2.9375,-2.6875,-2.59375,-3.34375,-2.749999999999986,-2.84375,-3.500000000000014,-2.875,-2.90625,-3.96875,-3.03125,-3.21875,-0.90625,-1.125,-3.0625,-3.125,-0.6874999999999858,-1.46875,-1.59375,-0.4375,-0.78125,-0.78125,-0.625,-0.7187499999999858,-0.7187499999999858,-0.5,-0.65625,-0.6875,-0.5625,-0.4062499999999858,-0.5
cls_resnet_gallery_fusion,cls,chirp_signal,Gymnasium_spectrum,m30db,65.57403783431181,61.382909328114806,66.0143509458578,65.85127201565558,65.91650358773646,65.55772994129158,65.65557729941293,66.0143509458578,63.95955642530985,64.02478799739075,64.80756686236138,63.66601435094586,63.73124592302675,63.86170906718852,63.11154598825832,63.24200913242009,63.6986301369863,62.654924983692105,62.72015655577299,62.850619699934754,66.82974559686889,67.02544031311155,66.37312459230267,66.24266144814091,67.57990867579909,67.48206131767776,67.44944553163731,67.64514024787998,67.84083496412265,67.54729288975865,68.2648401826484,67.54729288975865,67.38421395955643,67.64514024787998,68.00391389432485,67.61252446183953,67.2211350293542,67.67775603392042,68.10176125244618,46.4775,19.09653783431181,14.905409328114807,19.5368509458578,19.373772015655582,19.439003587736458,19.080229941291584,19.178077299412926,19.5368509458578,17.48205642530985,17.547287997390747,18.330066862361384,17.18851435094586,17.25374592302675,17.38420906718852,16.634045988258322,16.764509132420088,17.221130136986304,16.177424983692106,16.24265655577299,16.373119699934755,20.35224559686889,20.547940313111546,19.895624592302674,19.76516144814091,21.10240867579909,21.004561317677762,20.97194553163731,21.16764024787998,21.36333496412265,21.069792889758652,21.7873401826484,21.069792889758652,20.906713959556434,21.16764024787998,21.526413894324854,21.135024461839528,20.743635029354202,21.200256033920418,21.624261252446182
cls_resnet_gallery_fusion,cls,dsss_signal,WeaponMuseum_spectrum,m10db,69.33212176283507,99.00045433893685,86.96047251249432,79.19127669241254,77.55565651976374,93.36665152203543,85.8246251703771,84.41617446615174,97.09223080417992,91.23125851885506,89.8682417083144,98.31894593366651,93.54838709677419,92.45797364834166,98.59154929577466,95.32030895047706,94.13902771467515,98.77328487051341,97.22853248523398,96.54702407996365,95.910949568378,86.91503861880963,78.05542935029531,76.32894139027714,91.04952294411632,84.77964561562925,82.41708314402545,93.5029532030895,87.96001817355747,86.91503861880963,94.54793275783734,89.86824170831441,88.73239436619718,94.82053611994547,91.18582462517037,89.9136756019991,95.41117673784643,92.73057701044979,91.77646524307133,69.5593,-0.22717823716492092,29.441154338936855,17.401172512494327,9.63197669241255,7.996356519763751,23.807351522035432,16.26532517037711,14.856874466151751,27.532930804179927,21.671958518855064,20.308941708314407,28.75964593366652,23.9890870967742,22.89867364834167,29.032249295774662,25.761008950477063,24.57972771467516,29.213984870513414,27.66923248523399,26.987724079963655,26.351649568378008,17.35573861880964,8.49612935029532,6.769641390277144,21.490222944116326,15.220345615629256,12.857783144025461,23.94365320308951,18.40071817355748,17.35573861880964,24.98863275783735,20.30894170831442,19.17309436619719,25.26123611994548,21.626524625170376,20.35437560199911,25.85187673784644,23.1712770104498,22.217165243071335
cls_resnet_gallery_fusion,cls,dsss_signal,WeaponMuseum_spectrum,m20db,59.35938209904589,97.86460699681963,81.3721035892776,71.10404361653794,69.46842344388914,90.64061790095411,81.19036801453885,78.5552021808269,95.184007269423,88.32348932303498,86.41526578827805,96.31985461154021,92.54884143571105,90.32258064516128,96.86506133575648,94.09359382099046,92.82144479781917,97.45570195365742,95.72921399363926,94.82053611994549,92.82144479781917,81.23580190822352,69.15038618809632,67.74193548387098,86.00636074511586,78.28259881871877,76.5106769650159,89.41390277146752,83.05315765561109,81.96274420717855,90.45888232621535,85.09768287142208,83.96183552930486,91.18582462517037,86.82417083144026,85.68832348932305,91.68559745570195,88.50522489777374,87.77828259881872,65.4702,-6.1108179009541175,32.394406996819626,15.901903589277595,5.633843616537931,3.998223443889131,25.170417900954106,15.720168014538842,13.08500218082689,29.713807269423,22.85328932303497,20.945065788278043,30.849654611540203,27.07864143571105,24.852380645161276,31.394861335756474,28.623393820990458,27.351244797819163,31.98550195365742,30.259013993639257,29.35033611994548,27.351244797819163,15.765601908223516,3.6801861880963145,2.2717354838709696,20.53616074511585,12.812398818718762,11.040476965015898,23.943702771467514,17.582957655611082,16.49254420717854,24.98868232621534,19.627482871422075,18.491635529304858,25.715624625170364,21.35397083144025,20.218123489323048,26.215397455701947,23.035024897773738,22.308082598818714
cls_resnet_gallery_fusion,cls,dsss_signal,WeaponMuseum_spectrum,m30db,53.021353930031815,90.2317128577919,71.83098591549295,63.10767832803271,60.92685143116765,81.41753748296229,73.05770104497957,69.6955929123126,87.14220808723307,80.23625624716038,77.51022262607906,88.2780554293503,84.82507950931394,81.7810086324398,88.95956383462062,87.00590640617902,85.14311676510677,89.32303498409814,88.14175374829625,87.27850976828715,82.59881871876419,71.69468423443888,61.69922762380736,59.83643798273513,76.9195820081781,70.33166742389824,66.46978646069968,79.7819173103135,75.37482962289867,73.6483416628805,80.64516129032258,77.3284870513403,75.73830077237619,81.05406633348478,78.5552021808269,77.05588368923216,81.59927305770105,79.91821899136757,78.73693775556566,49.2958,3.725553930031815,40.935912857791905,22.535185915492946,13.811878328032712,11.631051431167649,32.12173748296229,23.761901044979567,20.399792912312606,37.84640808723307,30.940456247160384,28.214422626079056,38.9822554293503,35.52927950931394,32.48520863243979,39.663763834620624,37.71010640617902,35.84731676510677,40.02723498409814,38.84595374829625,37.98270976828715,33.30301871876419,22.39888423443888,12.40342762380736,10.540637982735127,27.623782008178097,21.03586742389824,17.17398646069968,30.486117310313503,26.079029622898673,24.352541662880498,31.349361290322577,28.032687051340304,26.442500772376192,31.758266333484784,29.259402180826896,27.76008368923216,32.303473057701055,30.622418991367567,29.441137755565663
cls_resnet_gallery_fusion,cls,dsss_signal,Playground_spectrum,m10db,77.623732856291,100.0,96.77996422182468,88.34227787716159,85.1520572450805,100.0,96.06440071556351,92.60584376863446,100.0,99.07573047107931,97.61478831246274,100.0,100.0,99.0459153249851,100.0,100.0,99.82110912343471,100.0,100.0,100.0,99.97018485390579,97.7340488968396,87.47763864042933,84.55575432319618,99.55277280858677,95.14013118664282,91.83064997018487,99.85092426952892,98.36016696481813,96.51162790697674,99.91055456171735,99.07573047107931,98.24090638044126,99.91055456171735,99.49314251639834,98.80739415623137,99.94036970781157,99.79129397734049,99.46332737030413,92.576,-14.952267143708994,7.424000000000007,4.203964221824691,-4.233722122838401,-7.423942754919494,7.424000000000007,3.4884007155635146,0.02984376863446414,7.424000000000007,6.499730471079317,5.038788312462742,7.424000000000007,7.424000000000007,6.469915324985109,7.424000000000007,7.424000000000007,7.245109123434716,7.424000000000007,7.424000000000007,7.424000000000007,7.394184853905799,5.1580488968396025,-5.09836135957066,-8.02024567680381,6.976772808586773,2.5641311866428254,-0.7453500298151283,7.274924269528924,5.784166964818141,3.935627906976748,7.334554561717354,6.499730471079317,5.664906380441266,7.334554561717354,6.917142516398343,6.231394156231374,7.364369707811576,7.215293977340494,6.887327370304135
cls_resnet_gallery_fusion,cls,dsss_signal,Playground_spectrum,m20db,66.68157423971377,99.97018485390579,94.9016100178891,79.03995229576624,77.45974955277282,99.94036970781156,91.5324985092427,88.81932021466905,100.0,98.74776386404294,97.61478831246274,100.0,99.88073941562313,99.52295766249254,100.0,99.97018485390579,99.94036970781156,100.0,100.0,100.0,99.97018485390579,96.92903995229577,78.50327966607036,76.23732856290997,99.79129397734049,89.83303518187239,86.25521765056648,99.97018485390579,97.70423375074537,95.43828264758496,99.97018485390579,99.28443649373882,98.33035181872391,99.97018485390579,99.70184853905785,99.31425163983305,99.97018485390579,99.85092426952892,99.79129397734049,91.3536,-24.672025760286232,8.616584853905792,3.548010017889098,-12.313647704233759,-13.89385044722718,8.586769707811555,0.1788985092426998,-2.534279785330952,8.6464,7.3941638640429375,6.261188312462735,8.6464,8.527139415623125,8.169357662492544,8.6464,8.616584853905792,8.586769707811555,8.6464,8.6464,8.6464,8.616584853905792,5.575439952295767,-12.850320333929645,-15.116271437090035,8.437693977340487,-1.5205648181276104,-5.098382349433521,8.616584853905792,6.350633750745374,4.084682647584955,8.616584853905792,7.930836493738823,6.976751818723912,8.616584853905792,8.348248539057849,7.960651639833046,8.616584853905792,8.497324269528917,8.437693977340487
cls_resnet_gallery_fusion,cls,dsss_signal,Playground_spectrum,m30db,63.46153846153846,98.77757901013715,89.44543828264759,74.68694096601074,73.61359570661897,98.41979725700656,86.91115086463924,85.06261180679785,99.37388193202146,96.57125819916517,95.25939177101968,99.34406678592725,98.44961240310077,98.15146094215862,99.37388193202146,99.2248062015504,99.01610017889088,99.31425163983303,99.37388193202146,99.34406678592725,98.47942754919498,91.29397734048896,73.07692307692307,72.27191413237925,97.88312462731066,83.840190816935,82.20035778175313,98.44961240310077,93.82826475849731,92.51639833035182,98.44961240310077,96.75014907573048,96.03458556946929,98.41979725700656,97.7638640429338,97.49552772808586,98.47942754919498,98.41979725700656,98.30053667262969,79.994,-16.53246153846154,18.783579010137146,9.451438282647587,-5.307059033989262,-6.380404293381034,18.425797257006565,6.91715086463924,5.068611806797847,19.379881932021462,16.577258199165172,15.26539177101968,19.350066785927254,18.455612403100773,18.15746094215862,19.379881932021462,19.230806201550394,19.02210017889088,19.32025163983303,19.379881932021462,19.350066785927254,18.48542754919498,11.299977340488965,-6.917076923076934,-7.7220858676207484,17.889124627310665,3.8461908169350068,2.206357781753127,18.455612403100773,13.834264758497312,12.52239833035182,18.455612403100773,16.756149075730477,16.040585569469286,18.425797257006565,17.769864042933804,17.50152772808586,18.48542754919498,18.425797257006565,18.30653667262969
cls_resnet_gallery_fusion,cls,dsss_signal,TimeSquare_spectrum,m10db,52.17650566487776,100.0,87.7757901013715,68.4257602862254,63.77459749552773,97.79367918902803,84.55575432319617,77.66845557543232,99.52295766249254,95.49791293977341,90.66785927251044,99.79129397734049,97.94275491949911,96.15384615384615,99.91055456171735,98.65831842576029,97.7340488968396,99.94036970781157,99.55277280858677,98.80739415623137,100.0,92.60584376863447,68.36612999403697,63.387000596302926,98.74776386404292,84.13834227787717,76.65474060822898,99.58258795468097,94.81216457960645,89.62432915921288,99.85092426952892,97.61478831246274,94.78234943351222,99.97018485390579,98.68813357185451,96.9886702444842,99.97018485390579,99.40369707811568,98.68813357185451,93.8879,-41.71139433512224,6.112099999999998,-6.112109898628503,-25.462139713774604,-30.113302504472273,3.9057791890280242,-9.332145676803833,-16.219444424567683,5.635057662492542,1.6100129397734122,-3.220040727489561,5.903393977340485,4.054854919499107,2.2659461538461443,6.022654561717346,4.770418425760283,3.846148896839594,6.052469707811568,5.664872808586765,4.919494156231366,6.112099999999998,-1.2820562313655302,-25.521770005963035,-30.500899403697076,4.8598638640429215,-9.74955772212283,-17.233159391771025,5.6946879546809726,0.9242645796064437,-4.263570840787125,5.9630242695289155,3.7268883124627337,0.8944494335122215,6.08228485390579,4.8002335718545055,3.1007702444841954,6.08228485390579,5.515797078115682,4.8002335718545055
cls_resnet_gallery_fusion,cls,dsss_signal,TimeSquare_spectrum,m20db,69.00715563506262,99.91055456171735,91.05545617173524,80.62015503875969,78.2051282051282,98.06201550387597,91.71138938580799,88.43172331544424,99.37388193202146,97.40608228980324,95.73643410852712,99.76147883124628,98.68813357185451,98.00238521168754,99.79129397734049,99.16517590936196,98.71794871794873,99.91055456171735,99.70184853905783,99.37388193202146,100.0,95.37865235539654,80.8288610614192,77.93679189028026,99.4335122242099,91.71138938580799,88.01431127012522,99.97018485390579,97.82349433512223,95.46809779367919,100.0,99.2248062015504,98.18127608825283,100.0,99.64221824686942,99.19499105545617,100.0,99.97018485390579,99.70184853905783,89.8032,-20.796044364937387,10.107354561717344,1.2522561717352403,-9.183044961240313,-11.5980717948718,8.258815503875965,1.9081893858079866,-1.371476684555759,9.570681932021458,7.602882289803233,5.933234108527117,9.958278831246275,8.884933571854503,8.199185211687535,9.988093977340483,9.36197590936196,8.914748717948726,10.107354561717344,9.898648539057831,9.570681932021458,10.196799999999996,5.575452355396536,-8.9743389385808,-11.866408109719742,9.630312224209902,1.9081893858079866,-1.7888887298747846,10.166984853905788,8.02029433512223,5.664897793679188,10.196799999999996,9.42160620155039,8.378076088252826,10.196799999999996,9.839018246869415,9.391791055456167,10.196799999999996,10.166984853905788,9.898648539057831
cls_resnet_gallery_fusion,cls,dsss_signal,TimeSquare_spectrum,m30db,78.04114490161001,93.50029815146095,89.8628503279666,85.53965414430532,84.22778771615981,94.03697078115682,90.96601073345259,89.14728682170544,95.14013118664282,94.00715563506262,93.32140727489563,95.05068574836018,94.87179487179488,94.18604651162791,94.54382826475849,95.14013118664282,94.87179487179488,94.39475253428742,95.08050089445437,95.25939177101968,98.83720930232558,94.78234943351222,86.82170542635659,85.06261180679785,97.85330948121646,93.32140727489563,91.02564102564102,98.59868813357186,96.83959451401311,95.11031604054861,98.62850327966606,97.85330948121646,96.98867024448421,98.68813357185451,98.36016696481813,97.82349433512223,98.71794871794873,98.56887298747765,98.44961240310077,85.5695,-7.528355098389994,7.930798151460948,4.293350327966593,-0.02984585569468834,-1.3417122838401951,8.46747078115682,5.396510733452587,3.5777868217054305,9.570631186642814,8.437655635062612,7.751907274895629,9.481185748360176,9.30229487179487,8.616546511627902,8.974328264758483,9.570631186642814,9.30229487179487,8.825252534287415,9.51100089445437,9.689891771019674,13.26770930232557,9.212849433512218,1.252205426356582,-0.5068881932021583,12.283809481216451,7.751907274895629,5.456141025641017,13.02918813357185,11.27009451401311,9.540816040548606,13.059003279666058,12.283809481216451,11.419170244484206,13.118633571854502,12.79066696481813,12.25399433512223,13.148448717948725,12.999372987477642,12.880112403100767
cls_resnet_gallery_fusion,cls,dsss_signal,Gymnasium_spectrum,m10db,48.27072152653548,100.0,84.25760286225402,69.52892069171139,62.701252236135964,96.75014907573048,84.25760286225402,76.3267740011926,100.0,93.82826475849731,88.04412641621944,100.0,98.95646988670245,93.17233154442457,100.0,99.94036970781157,96.8097793679189,100.0,100.0,99.82110912343471,99.97018485390579,91.20453190220633,69.9165175909362,62.4031007751938,98.83720930232559,83.98926654740609,75.96899224806202,99.67203339296363,93.6195587358378,86.8515205724508,99.88073941562313,97.82349433512223,92.4865831842576,99.91055456171735,98.8670244484198,95.52772808586762,99.94036970781157,99.40369707811568,98.479427549195,98.7776,-50.506878473464525,1.2223999999999933,-14.519997137745989,-29.248679308288615,-36.07634776386404,-2.02745092426953,-14.519997137745989,-22.450825998807403,1.2223999999999933,-4.949335241502695,-10.733473583780565,1.2223999999999933,0.17886988670244364,-5.605268455575441,1.2223999999999933,1.162769707811563,-1.9678206320811,1.2223999999999933,1.2223999999999933,1.0435091234347027,1.1925848539057853,-7.57306809779368,-28.861082409063812,-36.37449922480621,0.05960930232558326,-14.788333452593918,-22.808607751937984,0.8944333929636201,-5.1580412641622075,-11.926079427549212,1.1031394156231187,-0.9541056648777726,-6.29101681574241,1.1329545617173409,0.08942444841979125,-3.2498719141323846,1.162769707811563,0.6260970781156772,-0.2981724508050121
cls_resnet_gallery_fusion,cls,dsss_signal,Gymnasium_spectrum,m20db,52.80262373285629,100.0,82.11091234347047,71.52653548002385,63.565891472868216,95.61717352415027,86.97078115682766,75.5813953488372,99.91055456171735,96.12403100775194,88.04412641621944,100.0,99.34406678592725,93.88789505068574,100.0,99.94036970781157,96.95885509838999,100.0,100.0,99.55277280858677,100.0,92.45676803816339,72.65951103160405,63.357185450208696,99.85092426952893,89.05784138342278,76.02862254025044,100.0,98.1216457960644,89.02802623732858,100.0,99.85092426952893,94.93142516398329,100.0,99.97018485390579,98.1216457960644,100.0,100.0,99.85092426952893,96.3327,-43.53007626714371,3.6672999999999973,-14.221787656529528,-24.80616451997615,-32.766808527131786,-0.7155264758497282,-9.361918843172347,-20.751304651162798,3.577854561717345,-0.20866899224806446,-8.288573583780561,3.6672999999999973,3.011366785927251,-2.4448049493142605,3.6672999999999973,3.607669707811567,0.6261550983899866,3.6672999999999973,3.6672999999999973,3.220072808586764,3.6672999999999973,-3.8759319618366135,-23.673188968395948,-32.975514549791306,3.518224269528929,-7.2748586165772195,-20.304077459749564,3.6672999999999973,1.7889457960643966,-7.3046737626714275,3.6672999999999973,3.518224269528929,-1.4012748360167109,3.6672999999999973,3.6374848539057894,1.7889457960643966,3.6672999999999973,3.6672999999999973,3.518224269528929
cls_resnet_gallery_fusion,cls,dsss_signal,Gymnasium_spectrum,m30db,47.33154442456768,95.2892069171139,69.20095408467502,62.701252236135964,58.28861061419202,81.78294573643412,74.6273106738223,69.1711389385808,89.80322003577818,84.19797257006559,78.95050685748359,92.0989862850328,88.70005963029219,84.10852713178294,93.08288610614193,91.08527131782947,87.26893261776982,93.9773404889684,92.8443649373882,91.02564102564102,97.64460345855694,78.89087656529516,65.56350626118068,59.12343470483006,92.12880143112702,79.63625521765056,70.51282051282051,95.49791293977341,89.95229576624925,82.05128205128204,96.89922480620154,93.53011329755515,87.98449612403101,97.22719141323792,94.84197972570065,91.80083482409064,97.34645199761479,96.36255217650567,94.00715563506262,68.4258,-21.094255575432314,26.863406917113906,0.7751540846750231,-5.724547763864031,-10.137189385807979,13.35714573643412,6.201510673822298,0.7453389385808009,21.377420035778187,15.772172570065592,10.524706857483594,23.6731862850328,20.274259630292192,15.68272713178294,24.657086106141932,22.65947131782947,18.843132617769825,25.5515404889684,24.41856493738821,22.599841025641027,29.21880345855695,10.465076565295163,-2.862293738819318,-9.302365295169935,23.70300143112702,11.210455217650562,2.0870205128205157,27.07211293977342,21.526495766249255,13.625482051282049,28.47342480620155,25.10431329755515,19.558696124031016,28.801391413237923,26.41617972570066,23.375034824090648,28.920651997614797,27.936752176505678,25.58135563506262
cls_resnet_gallery_fusion,cls,pulse_signal,WeaponMuseum_spectrum,m20db,94.27521008403362,82.35294117647058,94.06512605042016,94.48529411764706,94.4327731092437,92.43697478991596,93.69747899159664,93.64495798319328,90.17857142857143,92.17436974789916,92.17436974789916,88.55042016806723,91.07142857142857,90.96638655462185,87.65756302521008,89.75840336134453,89.60084033613444,86.08193277310924,88.23529411764706,88.23529411764706,91.07142857142857,94.90546218487395,95.1155462184874,95.06302521008404,93.64495798319328,95.16806722689076,95.1155462184874,92.96218487394958,94.48529411764707,94.64285714285715,92.48949579831933,94.0126050420168,93.96008403361344,92.01680672268907,93.59243697478992,93.64495798319328,91.54411764705883,93.0672268907563,93.0672268907563,96.166,-1.89078991596638,-13.813058823529417,-2.100873949579835,-1.6807058823529388,-1.733226890756299,-3.729025210084032,-2.468521008403357,-2.5210420168067174,-5.987428571428566,-3.9916302521008333,-3.9916302521008333,-7.615579831932763,-5.094571428571427,-5.199613445378148,-8.508436974789916,-6.407596638655463,-6.565159663865558,-10.084067226890753,-7.930705882352939,-7.930705882352939,-5.094571428571427,-1.2605378151260425,-1.0504537815126014,-1.1029747899159617,-2.5210420168067174,-0.9979327731092411,-1.0504537815126014,-3.203815126050415,-1.6807058823529246,-1.5231428571428438,-3.6765042016806717,-2.1533949579831955,-2.2059159663865557,-4.149193277310928,-2.5735630252100776,-2.5210420168067174,-4.621882352941171,-3.0987731092436945,-3.0987731092436945
cls_resnet_gallery_fusion,cls,pulse_signal,WeaponMuseum_spectrum,m30db,86.18697478991596,59.97899159663865,83.40336134453781,85.13655462184873,84.66386554621849,78.51890756302522,82.14285714285714,81.61764705882352,72.79411764705883,77.36344537815125,76.68067226890757,70.3781512605042,74.26470588235294,72.9516806722689,68.4873949579832,71.69117647058823,71.21848739495799,66.38655462184873,69.22268907563026,68.64495798319328,69.64285714285714,83.92857142857143,86.02941176470588,86.2920168067227,79.8844537815126,84.24369747899159,84.29621848739495,76.41806722689076,81.14495798319328,81.5126050420168,75.15756302521008,79.6218487394958,79.93697478991596,74.68487394957984,77.94117647058825,78.46638655462185,73.26680672268907,76.15546218487394,76.47058823529412,77.3109,8.876074789915961,-17.331908403361354,6.09246134453781,7.825654621848727,7.352965546218485,1.2080075630252196,4.831957142857135,4.306747058823518,-4.516782352941178,0.05254537815125104,-0.6302277310924325,-6.932748739495807,-3.0461941176470617,-4.359219327731097,-8.823505042016805,-5.619723529411772,-6.092412605042014,-10.924345378151273,-8.088210924369747,-8.665942016806724,-7.668042857142865,6.617671428571427,8.71851176470588,8.981116806722696,2.573553781512601,6.9327974789915885,6.985318487394949,-0.892832773109248,3.8340579831932757,4.201705042016798,-2.153336974789923,2.3109487394957995,2.626074789915961,-2.6260260504201653,0.6302764705882424,1.1554865546218451,-4.044093277310935,-1.1554378151260636,-0.8403117647058878
cls_resnet_gallery_fusion,cls,pulse_signal,WeaponMuseum_spectrum,m40db,49.84787018255577,39.756592292089245,45.892494929006084,48.123732251521304,48.17444219066937,43.76267748478702,44.9290060851927,45.537525354969574,41.886409736308316,43.6105476673428,43.81338742393508,40.87221095334685,42.241379310344826,42.697768762677484,39.959432048681535,41.835699797160245,42.24137931034483,39.75659229208925,40.7707910750507,41.075050709939156,47.0081135902637,49.44219066937119,49.64503042596349,49.695740365111554,49.39148073022312,49.39148073022312,49.39148073022312,49.18864097363083,49.39148073022312,49.74645030425963,48.47870182555781,49.34077079107505,49.13793103448276,47.920892494929,49.137931034482754,49.59432048681543,47.46450304259635,49.18864097363083,49.54361054766734,36.1055,13.742370182555774,3.6510922920892455,9.786994929006084,12.018232251521304,12.068942190669368,7.65717748478702,8.823506085192697,9.432025354969575,5.780909736308317,7.505047667342801,7.707887423935084,4.766710953346852,6.135879310344826,6.5922687626774845,3.8539320486815356,5.730199797160246,6.1358793103448335,3.6510922920892526,4.665291075050703,4.969550709939156,10.902613590263698,13.336690669371194,13.539530425963491,13.590240365111555,13.285980730223123,13.285980730223123,13.285980730223123,13.083140973630833,13.285980730223123,13.640950304259633,12.373201825557814,13.235270791075052,13.032431034482762,11.815392494929,13.032431034482755,13.488820486815428,11.359003042596349,13.083140973630833,13.438110547667343
cls_resnet_gallery_fusion,cls,pulse_signal,Playground_spectrum,m20db,90.87301587301587,77.71164021164022,93.71693121693121,93.25396825396825,93.05555555555556,93.61772486772487,94.24603174603176,94.08068783068782,90.93915343915344,92.65873015873017,93.3862433862434,88.32671957671958,90.93915343915344,91.46825396825396,86.83862433862434,88.8888888888889,89.81481481481482,84.32539682539682,86.70634920634922,87.56613756613757,88.62433862433863,97.02380952380952,95.46957671957672,94.54365079365078,96.66005291005291,97.0568783068783,96.85846560846562,94.60978835978835,97.0568783068783,97.18915343915344,93.58465608465607,96.46164021164022,96.95767195767195,92.46031746031746,95.46957671957672,96.59391534391534,90.93915343915343,94.24603174603175,95.37037037037037,100.0,-9.126984126984127,-22.288359788359784,-6.283068783068785,-6.746031746031747,-6.944444444444443,-6.382275132275126,-5.753968253968239,-5.919312169312178,-9.060846560846556,-7.341269841269835,-6.613756613756607,-11.673280423280417,-9.060846560846556,-8.531746031746039,-13.161375661375658,-11.1111111111111,-10.185185185185176,-15.674603174603178,-13.293650793650784,-12.43386243386243,-11.375661375661366,-2.9761904761904816,-4.530423280423278,-5.456349206349216,-3.3399470899470884,-2.9431216931216966,-3.1415343915343783,-5.390211640211646,-2.9431216931216966,-2.8108465608465565,-6.415343915343925,-3.5383597883597844,-3.0423280423280517,-7.539682539682545,-4.530423280423278,-3.4060846560846585,-9.06084656084657,-5.753968253968253,-4.629629629629633
cls_resnet_gallery_fusion,cls,pulse_signal,Playground_spectrum,m30db,86.7128935532234,74.55022488755621,88.19340329835083,87.89355322338831,87.89355322338831,87.48125937031485,88.23088455772114,88.23088455772114,85.26986506746627,86.24437781109447,86.20689655172414,83.54572713643178,85.04497751124438,85.04497751124438,82.00899550224888,83.80809595202399,83.80809595202399,80.13493253373312,81.63418290854572,81.59670164917542,84.89505247376312,92.87856071964018,90.81709145427286,90.6671664167916,92.1664167916042,92.80359820089956,92.76611694152923,90.21739130434783,92.54122938530735,92.80359820089956,88.71814092953524,91.904047976012,92.12893553223388,87.59370314842579,90.77961019490255,91.37931034482759,86.58170914542728,89.39280359820089,90.02998500749625,99.8876,-13.17470644677661,-25.337375112443794,-11.694196701649176,-11.994046776611697,-11.994046776611697,-12.406340629685161,-11.656715442278866,-11.656715442278866,-14.617734932533736,-13.64322218890554,-13.680703448275864,-16.341872863568227,-14.842622488755623,-14.842622488755623,-17.878604497751127,-16.079504047976016,-16.079504047976016,-19.752667466266885,-18.25341709145428,-18.29089835082459,-14.99254752623689,-7.009039280359829,-9.07050854572715,-9.220433583208404,-7.7211832083958,-7.084001799100449,-7.121483058470773,-9.670208695652178,-7.34637061469266,-7.084001799100449,-11.169459070464768,-7.983552023988011,-7.758664467766124,-12.293896851574218,-9.10798980509746,-8.508289655172419,-13.305890854572723,-10.494796401799121,-9.857614992503756
cls_resnet_gallery_fusion,cls,pulse_signal,Playground_spectrum,m40db,68.73278236914602,47.141873278236915,66.83884297520662,67.66528925619835,67.66528925619835,63.46418732782369,65.77134986225894,65.73691460055097,58.849862258953166,61.91460055096418,61.5702479338843,55.50964187327823,58.98760330578512,58.57438016528926,53.650137741046834,56.8870523415978,56.50826446280992,51.82506887052342,53.78787878787878,53.47796143250688,64.91046831955923,70.59228650137742,70.31680440771349,70.31680440771349,71.07438016528926,70.86776859504133,70.86776859504133,69.80027548209367,71.07438016528926,71.10881542699724,68.28512396694215,70.48898071625345,70.6267217630854,67.59641873278237,69.90358126721765,69.76584022038568,66.94214876033058,68.31955922865015,68.4573002754821,56.4394,12.293382369146023,-9.297526721763084,10.399442975206618,11.22588925619835,11.22588925619835,7.024787327823688,9.331949862258945,9.297514600550976,2.4104622589531672,5.475200550964182,5.130847933884304,-0.9297581267217723,2.5482033057851226,2.1349801652892637,-2.7892622589531655,0.4476523415978022,0.06886446280991976,-4.614331129476582,-2.6515212121212173,-2.9614385674931185,8.47106831955923,14.152886501377417,13.877404407713492,13.877404407713492,14.634980165289257,14.428368595041327,14.428368595041327,13.360875482093668,14.634980165289257,14.66941542699724,11.845723966942153,14.049580716253452,14.1873217630854,11.157018732782369,13.464181267217647,13.326440220385685,10.502748760330583,11.88015922865015,12.017900275482098
cls_resnet_gallery_fusion,cls,pulse_signal,TimeSquare_spectrum,m20db,97.2263868065967,85.64467766116941,98.01349325337331,97.93853073463268,97.86356821589206,97.75112443778112,97.976011994003,97.86356821589206,96.55172413793103,97.71364317841079,97.56371814092955,94.41529235382309,96.73913043478261,96.32683658170916,93.14092953523239,95.46476761619192,95.01499250374813,91.60419790104946,93.44077961019491,93.02848575712144,96.28935532233884,99.81259370314844,99.13793103448275,99.13793103448275,99.66266866566717,99.73763118440779,99.73763118440779,99.58770614692654,99.85007496251875,99.85007496251875,99.51274362818592,99.70014992503748,99.70014992503748,99.2503748125937,99.62518740629686,99.62518740629686,98.9880059970015,99.62518740629686,99.62518740629686,100.0,-2.773613193403307,-14.35532233883059,-1.986506746626688,-2.0614692653673217,-2.136431784107941,-2.2488755622188847,-2.0239880059969977,-2.136431784107941,-3.448275862068968,-2.2863568215892087,-2.436281859070448,-5.584707646176909,-3.2608695652173907,-3.673163418290841,-6.859070464767612,-4.535232383808079,-4.985007496251868,-8.39580209895054,-6.559220389805091,-6.9715142428785555,-3.710644677661165,-0.18740629685156307,-0.8620689655172526,-0.8620689655172526,-0.3373313343328306,-0.26236881559221104,-0.26236881559221104,-0.41229385307346433,-0.1499250374812533,-0.1499250374812533,-0.4872563718140839,-0.2998500749625208,-0.2998500749625208,-0.7496251874062949,-0.37481259370314035,-0.37481259370314035,-1.011994002998506,-0.37481259370314035,-0.37481259370314035
cls_resnet_gallery_fusion,cls,pulse_signal,TimeSquare_spectrum,m30db,90.49586776859503,74.48347107438018,91.08126721763085,90.97796143250689,90.94352617079889,91.28787878787878,91.32231404958677,91.42561983471074,89.66942148760332,90.77134986225896,90.22038567493114,87.56887052341598,89.22176308539946,88.56749311294766,85.46831955922866,87.87878787878788,86.43250688705234,82.57575757575756,84.9862258953168,83.50550964187327,95.93663911845731,96.2465564738292,94.14600550964187,93.97382920110194,97.07300275482093,96.34986225895317,96.28099173553719,97.1763085399449,96.83195592286502,96.831955922865,97.00413223140497,97.21074380165288,97.21074380165288,96.79752066115702,97.24517906336088,97.24517906336088,96.52203856749311,97.00413223140497,97.07300275482093,98.1405,-7.6446322314049695,-23.657028925619827,-7.0592327823691505,-7.162538567493115,-7.196973829201113,-6.852621212121221,-6.818185950413238,-6.714880165289259,-8.471078512396687,-7.369150137741045,-7.920114325068866,-10.571629476584022,-8.918736914600544,-9.573006887052344,-12.672180440771342,-10.261712121212128,-11.707993112947662,-15.56474242424244,-13.154274104683196,-14.634990358126728,-2.2038608815426954,-1.8939435261708013,-3.994494490358136,-4.166670798898068,-1.0674972451790694,-1.7906377410468366,-1.8595082644628178,-0.9641914600551047,-1.3085440771349823,-1.3085440771349965,-1.1363677685950364,-0.9297561983471212,-0.9297561983471212,-1.34297933884298,-0.8953209366391235,-0.8953209366391235,-1.6184614325068907,-1.1363677685950364,-1.0674972451790694
cls_resnet_gallery_fusion,cls,pulse_signal,TimeSquare_spectrum,m40db,74.3252840909091,59.41051136363637,74.50284090909092,74.53835227272728,74.46732954545455,74.39630681818183,74.28977272727272,74.36079545454545,71.09374999999999,72.33664772727273,72.90482954545455,68.53693181818183,69.49573863636364,70.06392045454545,66.44176136363636,67.22301136363636,68.4659090909091,64.48863636363636,65.26988636363636,65.66051136363636,80.11363636363636,81.96022727272727,78.05397727272727,78.2315340909091,85.12073863636364,82.10227272727273,82.67045454545455,84.6590909090909,84.97869318181819,84.8721590909091,83.3096590909091,85.08522727272727,85.22727272727273,82.95454545454545,85.15625,84.94318181818183,81.85369318181817,84.01988636363636,83.984375,72.8693,1.455984090909098,-13.458788636363629,1.6335409090909252,1.669052272727285,1.5980295454545512,1.5270068181818317,1.420472727272724,1.4914954545454577,-1.7755500000000097,-0.5326522727272618,0.035529545454551226,-4.332368181818168,-3.3735613636363553,-2.8053795454545423,-6.427538636363636,-5.646288636363636,-4.403390909090902,-8.380663636363636,-7.599413636363636,-7.208788636363636,7.244336363636364,9.09092727272727,5.184677272727271,5.362234090909098,12.251438636363645,9.232972727272738,9.801154545454551,11.789790909090911,12.109393181818191,12.002859090909098,10.440359090909098,12.21592727272727,12.357972727272738,10.085245454545458,12.286950000000004,12.073881818181832,8.984393181818177,11.150586363636364,11.115075000000004
cls_resnet_gallery_fusion,cls,pulse_signal,Gymnasium_spectrum,m20db,95.24623803009577,94.49384404924761,96.23803009575924,95.89603283173734,95.93023255813954,97.46922024623802,96.78522571819425,96.88782489740082,97.74281805745555,97.5718194254446,97.5718194254446,97.91381668946649,97.64021887824899,97.70861833105336,97.94801641586868,97.91381668946649,97.91381668946649,97.67441860465115,97.91381668946649,97.94801641586868,99.93160054719561,98.7688098495212,96.51162790697676,96.47742818057456,99.93160054719561,98.32421340629274,98.1532147742818,99.96580027359781,99.62380300957592,99.58960328317373,99.96580027359781,99.93160054719561,99.89740082079344,99.96580027359781,99.93160054719561,99.93160054719561,99.96580027359781,99.96580027359781,99.96580027359781,100.0,-4.753761969904232,-5.506155950752387,-3.7619699042407575,-4.103967168262656,-4.0697674418604635,-2.5307797537619763,-3.214774281805745,-3.1121751025991813,-2.257181942544449,-2.428180574555398,-2.428180574555398,-2.0861833105335137,-2.3597811217510127,-2.2913816689466415,-2.051983584131321,-2.0861833105335137,-2.0861833105335137,-2.3255813953488484,-2.0861833105335137,-2.051983584131321,-0.06839945280438542,-1.2311901504787954,-3.4883720930232442,-3.522571819425437,-0.06839945280438542,-1.675786593707258,-1.8467852257181931,-0.03419972640219271,-0.37619699042407717,-0.4103967168262699,-0.03419972640219271,-0.06839945280438542,-0.10259917920656392,-0.03419972640219271,-0.06839945280438542,-0.06839945280438542,-0.03419972640219271,-0.03419972640219271,-0.03419972640219271
cls_resnet_gallery_fusion,cls,pulse_signal,Gymnasium_spectrum,m30db,87.61648745519713,82.18637992831542,89.53405017921148,89.03225806451613,89.10394265232975,90.53763440860216,90.43010752688173,90.43010752688173,90.32258064516128,90.75268817204301,90.64516129032259,89.46236559139784,90.07168458781362,90.03584229390681,88.6021505376344,89.53405017921146,89.42652329749103,87.31182795698925,88.31541218637993,88.13620071684588,96.84587813620071,94.01433691756272,91.36200716845879,90.86021505376344,96.91756272401435,94.12186379928316,93.40501792114695,98.13620071684588,96.45161290322581,96.0931899641577,97.99283154121865,97.63440860215053,97.1326164874552,97.8136200716846,98.06451612903226,97.74193548387098,97.67025089605735,98.06451612903227,98.02867383512546,89.8925,-2.2760125448028674,-7.70612007168458,-0.35844982078852183,-0.8602419354838702,-0.788557347670249,0.6451344086021606,0.5376075268817289,0.5376075268817289,0.43008064516128286,0.86018817204301,0.7526612903225924,-0.43013440860215724,0.1791845878136229,0.1433422939068123,-1.2903494623655973,-0.35844982078853604,-0.46597670250896783,-2.5806720430107504,-1.577087813620068,-1.7562992831541209,6.953378136200712,4.121836917562717,1.4695071684587901,0.9677150537634418,7.025062724014347,4.229363799283163,3.5125179211469515,8.24370071684588,6.5591129032258095,6.200689964157704,8.100331541218651,7.741908602150531,7.240116487455197,7.921120071684598,8.172016129032258,7.849435483870977,7.777750896057356,8.172016129032272,8.136173835125462
cls_resnet_gallery_fusion,cls,pulse_signal,Gymnasium_spectrum,m40db,46.50900900900901,42.76061776061776,44.24066924066924,43.983268983268985,44.30501930501931,42.50321750321751,42.27799227799228,42.889317889317894,40.990990990990994,41.02316602316603,41.184041184041185,41.312741312741316,41.34491634491634,40.926640926640935,41.24839124839125,41.409266409266415,41.473616473616474,41.505791505791514,41.602316602316606,41.21621621621622,50.0,45.20592020592021,45.62419562419563,45.592020592020596,44.72329472329472,44.78764478764479,44.94851994851995,45.04504504504504,45.23809523809524,44.755469755469754,45.4954954954955,45.463320463320464,45.01287001287001,46.01029601029602,45.52767052767053,45.75289575289575,47.265122265122265,46.52509652509652,46.10682110682111,19.1441,27.36490900900901,23.61651776061776,25.09656924066924,24.839168983268983,25.160919305019306,23.35911750321751,23.13389227799228,23.745217889317892,21.846890990990993,21.879066023166025,22.039941184041183,22.168641312741315,22.20081634491634,21.782540926640934,22.10429124839125,22.265166409266413,22.329516473616472,22.361691505791512,22.458216602316604,22.072116216216216,30.8559,26.061820205920206,26.480095624195627,26.447920592020594,25.57919472329472,25.643544787644785,25.80441994851995,25.90094504504504,26.09399523809524,25.611369755469752,26.351395495495495,26.319220463320462,25.86877001287001,26.866196010296015,26.38357052767053,26.60879575289575,28.121022265122264,27.38099652509652,26.962721106821107
