method,task,dataset,scene,jsr,textual_only_p_roc,normal_patch_only_p_roc,current_harmonic_p_roc,gate_norm_beta0.25_p_roc,add_norm_beta0.25_p_roc,gate_norm_beta0.5_p_roc,add_norm_beta0.5_p_roc,gate_norm_beta1_p_roc,add_norm_beta1_p_roc,gate_norm_beta2_p_roc,add_norm_beta2_p_roc,gate_norm_beta4_p_roc,add_norm_beta4_p_roc,formal_baseline_p_roc,delta_textual_only_p_roc_vs_formal,delta_normal_patch_only_p_roc_vs_formal,delta_current_harmonic_p_roc_vs_formal,delta_gate_norm_beta0.25_p_roc_vs_formal,delta_add_norm_beta0.25_p_roc_vs_formal,delta_gate_norm_beta0.5_p_roc_vs_formal,delta_add_norm_beta0.5_p_roc_vs_formal,delta_gate_norm_beta1_p_roc_vs_formal,delta_add_norm_beta1_p_roc_vs_formal,delta_gate_norm_beta2_p_roc_vs_formal,delta_add_norm_beta2_p_roc_vs_formal,delta_gate_norm_beta4_p_roc_vs_formal,delta_add_norm_beta4_p_roc_vs_formal
seg_prompt_normal_gallery_fusion,seg,burst_signal,WeaponMuseum_spectrum,m10db,97.27750281590586,98.66283861045684,98.72041501009015,98.28699542627733,98.34010513015286,98.3795454356657,98.04907985823682,98.37706760027575,97.40542787522963,98.32969332358783,96.73306904056737,98.26262276235141,96.28365735565163,98.7204,-1.4428971840941358,-0.05756138954315304,1.5010090152145494e-05,-0.43340457372266883,-0.380294869847134,-0.3408545643342933,-0.6713201417631751,-0.3433323997242468,-1.3149721247703638,-0.39070667641216517,-1.9873309594326258,-0.45777723764858536,-2.436742644348371
seg_prompt_normal_gallery_fusion,seg,burst_signal,WeaponMuseum_spectrum,m20db,96.82074435801651,98.2316344857105,98.42626517572364,98.32135491146067,98.39377853280588,98.43177009220261,98.05508756342701,98.42994505098217,97.37413223488073,98.36673207093287,96.7231384417691,98.2802119530572,96.2645630358392,98.4263,-1.6055556419834858,-0.19466551428949685,-3.482427635503882e-05,-0.10494508853932416,-0.03252146719411542,0.005470092202614296,-0.3712124365729892,0.003645050982171938,-1.0521677651192647,-0.05956792906712849,-1.703161558230903,-0.14608804694279343,-2.161736964160795
seg_prompt_normal_gallery_fusion,seg,burst_signal,WeaponMuseum_spectrum,m30db,93.97278310696686,95.15411517705317,95.90531682412467,97.44828968451506,97.76424428807218,97.7420692572026,97.47473115178971,97.81274998949081,96.885864564901,97.7763632107058,96.33205545230952,97.69920410594214,95.97408994190545,95.9053,-1.9325168930331387,-0.7511848229468256,1.6824124671188656e-05,1.5429896845150637,1.8589442880721805,1.8367692572026044,1.5694311517897148,1.9074499894908143,0.9805645649010017,1.871063210705799,0.4267554523095214,1.793904105942147,0.06878994190545029
seg_prompt_normal_gallery_fusion,seg,burst_signal,Playground_spectrum,m10db,96.5801682680699,98.95556214875263,98.97463636418334,98.30240401749289,98.28536468348655,98.38411977743718,97.93701380086898,98.3565963883234,97.36655929649139,98.27484096288872,96.82252502333301,98.18424183745536,96.46511763810757,98.9747,-2.394531731930101,-0.01913785124736478,-6.363581665880247e-05,-0.6722959825071086,-0.6893353165134499,-0.5905802225628207,-1.0376861991310165,-0.6181036116766023,-1.6081407035086102,-0.6998590371112812,-2.152174976666984,-0.7904581625446383,-2.509582361892427
seg_prompt_normal_gallery_fusion,seg,burst_signal,Playground_spectrum,m20db,96.32589007076639,98.47442157833872,98.52008608044295,98.14405195619472,98.05805919598323,98.21091846230199,97.71964112666012,98.15715576865054,97.2352290637213,98.06398362101842,96.7881525788794,97.975741854833,96.49528528234,98.5201,-2.194209929233608,-0.04567842166127889,-1.391955704832526e-05,-0.3760480438052838,-0.46204080401676606,-0.3091815376980094,-0.8004588733398776,-0.3629442313494593,-1.2848709362786934,-0.45611637898157653,-1.7319474211205943,-0.5443581451669957,-2.024814717659993
seg_prompt_normal_gallery_fusion,seg,burst_signal,Playground_spectrum,m30db,91.02827405711098,95.67065130265372,95.75444073673106,97.12851614499874,97.19581087795481,97.35397940293913,96.84359994665527,97.30774561193918,96.36101227823927,97.19674309696458,95.9431036547595,97.09242779674712,95.67216866588973,95.7544,-4.726125942889027,-0.08374869734628021,4.07367310515383e-05,1.3741161449987374,1.4414108779548087,1.5995794029391277,1.0891999466552704,1.5533456119391786,0.6066122782392682,1.4423430969645779,0.18870365475949313,1.338027796747113,-0.08223133411027561
seg_prompt_normal_gallery_fusion,seg,burst_signal,TimeSquare_spectrum,m10db,98.1617684687595,98.97865837003101,99.00184331665258,98.66660795376761,98.64720103304315,98.68588109323325,98.4135865834725,98.66796347406427,97.8559922463856,98.6261043218246,97.2221374921189,98.57591239418511,96.77053655889418,99.0019,-0.8401315312405018,-0.02324162996899304,-5.668334742381376e-05,-0.3352920462323965,-0.3546989669568603,-0.31601890676675737,-0.5883134165275123,-0.33393652593574075,-1.1459077536144093,-0.3757956781754075,-1.7797625078811024,-0.42598760581489614,-2.2313634411058274
seg_prompt_normal_gallery_fusion,seg,burst_signal,TimeSquare_spectrum,m20db,98.55595239588261,98.95726654925129,99.00586567599831,98.90910212019577,98.84736523093535,98.90881090666504,98.61979688662359,98.87565925937352,98.12847605087568,98.82538638260051,97.60489034942017,98.77261862382456,97.2281660436169,99.0058,-0.44984760411738023,-0.04853345074870674,6.56759983144184e-05,-0.09669787980422484,-0.15843476906464105,-0.09698909333495465,-0.3860031133764039,-0.13014074062647296,-0.8773239491243174,-0.18041361739948059,-1.4009096505798198,-0.23318137617543755,-1.7776339563830987
seg_prompt_normal_gallery_fusion,seg,burst_signal,TimeSquare_spectrum,m30db,96.70848208663647,97.41832462218598,97.89780205629147,98.22532030639996,98.25036061905486,98.3159119091355,97.98447049580112,98.3040765894329,97.47868335450462,98.24491554229846,97.00486171120897,98.1688663353887,96.69166845618298,97.8975,-1.1890179133635286,-0.4791753778140162,0.0003020562914741731,0.3278203063999712,0.35286061905486577,0.4184119091355001,0.08697049580112548,0.40657658943290187,-0.4188166454953688,0.3474155422984637,-0.8926382887910194,0.2713663353887057,-1.2058315438170126
seg_prompt_normal_gallery_fusion,seg,burst_signal,Gymnasium_spectrum,m10db,97.40872281138225,98.78950989487589,98.8090251921704,98.29692218915491,98.33398200921177,98.37276196354259,98.00869288831073,98.37588192527765,97.22714279857976,98.3351765314542,96.3617900283371,98.2604306301639,95.77624862761424,98.809,-1.4002771886177499,-0.019490105124106094,2.5192170397758673e-05,-0.512077810845085,-0.47501799078823126,-0.43623803645741077,-0.8003071116892642,-0.4331180747223442,-1.5818572014202346,-0.4738234685458025,-2.4472099716629003,-0.5485693698361018,-3.0327513723857606
seg_prompt_normal_gallery_fusion,seg,burst_signal,Gymnasium_spectrum,m20db,97.61284822028,98.83931495393182,98.86188965547234,98.43000245987598,98.45059726789887,98.50520571906681,98.12302715881106,98.4969759189143,97.38717995085877,98.44135425592093,96.57166294782199,98.36307618747794,96.01538423846773,98.8619,-1.2490517797200056,-0.022585046068186898,-1.0344527666461545e-05,-0.4318975401240266,-0.41130273210113444,-0.35669428093319766,-0.7388728411889502,-0.36492408108570373,-1.47472004914124,-0.4205457440790781,-2.290237052178014,-0.49882381252206187,-2.846515761532274
seg_prompt_normal_gallery_fusion,seg,burst_signal,Gymnasium_spectrum,m30db,95.29198933772861,95.9747972131487,96.61087287616014,97.88664455868077,97.93959993284088,98.04089085472908,97.5302773088173,98.02129679356064,96.97384299993705,97.88730648339342,96.50319611679494,97.7606812869422,96.18257222046945,96.6111,-1.3191106622713846,-0.6363027868512887,-0.00022712383984924145,1.275544558680778,1.3284999328408844,1.4297908547290916,0.9191773088173107,1.4101967935606439,0.36274299993705483,1.2762064833934232,-0.10790388320505429,1.1495812869422082,-0.42852777953054044
seg_prompt_normal_gallery_fusion,seg,chirp_signal,WeaponMuseum_spectrum,m10db,98.87654127973485,98.59392519307406,98.58345722558602,98.91518758013717,98.44889377940349,98.72611275075494,97.99396415922553,98.50870834163308,97.52557189446208,98.2928964366711,97.1486263598065,98.12531844939733,96.90056560918873,98.5835,0.29304127973485095,0.010425193074055983,-4.277441398414794e-05,0.3316875801371708,-0.13460622059650973,0.1426127507549353,-0.5895358407744737,-0.07479165836691948,-1.0579281055379255,-0.2906035633289008,-1.4348736401935014,-0.4581815506026743,-1.682934390811269
seg_prompt_normal_gallery_fusion,seg,chirp_signal,WeaponMuseum_spectrum,m20db,98.13636659370155,96.89335126701823,96.83063050527554,98.07888683697989,97.20439596124602,97.70338418464112,96.52785111256735,97.31004005095923,95.883976798713,96.95704737800077,95.39028034317924,96.68782003204998,95.07144169721376,96.8307,1.3056665937015595,0.06265126701823931,-6.949472445683114e-05,1.2481868369798974,0.3736959612460282,0.8726841846411304,-0.3028488874326456,0.4793400509592374,-0.9467232012869999,0.1263473780007729,-1.440419656820751,-0.1428799679500088,-1.759258302786236
seg_prompt_normal_gallery_fusion,seg,chirp_signal,WeaponMuseum_spectrum,m30db,90.30519065036736,87.89558451698673,87.86046920801161,89.802123334452,86.66765254219871,88.09301757721937,85.53358748344233,86.91871563817104,84.72738907158616,86.21538396391799,84.19079096807671,85.78263145961357,83.84761228818539,87.8664,2.438790650367366,0.029184516986731524,-0.005930791988390638,1.9357233344520068,-1.1987474578012893,0.22661757721937192,-2.3328125165576665,-0.9476843618289621,-3.139010928413839,-1.6510160360820123,-3.675609031923287,-2.08376854038643,-4.0187877118146105
seg_prompt_normal_gallery_fusion,seg,chirp_signal,Playground_spectrum,m10db,98.7835057581609,99.09680240604968,99.06484608735686,99.12447174606581,98.59334590855131,98.95871504816937,98.01224979510276,98.67660826303846,97.45655872308151,98.396878149933,97.04398477855722,98.19618823650497,96.79284471390726,99.0649,-0.2813942418390951,0.03190240604968153,-5.391264313914235e-05,0.05957174606581361,-0.4715540914486809,-0.10618495183062748,-1.0526502048972333,-0.3882917369615342,-1.6083412769184804,-0.6680218500669923,-2.0209152214427775,-0.8687117634950283,-2.272055286092737
seg_prompt_normal_gallery_fusion,seg,chirp_signal,Playground_spectrum,m20db,97.98416322278966,97.89071168608076,97.85735738053603,98.1648515889211,97.10617865889415,97.67717282673884,96.39558264784097,97.19097350285986,95.79000056430374,96.81139518076704,95.36559319656628,96.56308760415384,95.1108136941997,97.8561,0.1280632227896632,0.03461168608076548,0.0012573805360318602,0.30875158892109766,-0.7499213411058463,-0.17892717326115815,-1.4605173521590302,-0.665126497140136,-2.066099435696259,-1.0447048192329618,-2.4905068034337177,-1.2930123958461621,-2.745286305800292
seg_prompt_normal_gallery_fusion,seg,chirp_signal,Playground_spectrum,m30db,95.31208970595438,94.89907310226721,94.83534214085033,94.61861343184572,92.68030594377956,93.562673700677,91.83478697051363,92.80037325981661,91.22634464826388,92.32237052522979,90.8178077681116,92.03477144038317,90.5742374033348,94.8356,0.47648970595437845,0.06347310226720992,-0.00025785914967002554,-0.21698656815428308,-2.1552940562204412,-1.2729262993230037,-3.000813029486366,-2.03522674018339,-3.609255351736124,-2.5132294747702133,-4.017792231888393,-2.800828559616832,-4.261362596665194
seg_prompt_normal_gallery_fusion,seg,chirp_signal,TimeSquare_spectrum,m10db,98.49301497185523,98.86435403005332,98.86542589210596,98.80550990013145,98.4353607814246,98.62909958358522,98.01764950585334,98.48712274358837,97.45475976407025,98.32892150279802,97.00242109771249,98.18830636715545,96.70542343006368,98.8655,-0.3724850281447658,-0.001145969946676928,-7.410789403650142e-05,-0.05999009986854276,-0.43013921857539117,-0.2364004164147815,-0.8478504941466554,-0.3783772564116248,-1.410740235929751,-0.5365784972019725,-1.863078902287512,-0.6771936328445491,-2.1600765699363222
seg_prompt_normal_gallery_fusion,seg,chirp_signal,TimeSquare_spectrum,m20db,98.00472889761782,96.797296957949,96.7510117373052,97.48092107093436,96.38972410995324,96.95223284448768,95.58209180279138,96.4728064370471,94.83960172845464,96.04157084211764,94.29127436040214,95.72201053093212,93.94562127925947,96.7502,1.254528897617817,0.0470969579489946,0.0008117373051987897,0.7307210709343508,-0.3604758900467715,0.20203284448767533,-1.1681081972086247,-0.2773935629529092,-1.9105982715453678,-0.7086291578823705,-2.458925639597865,-1.0281894690678826,-2.804578720740537
seg_prompt_normal_gallery_fusion,seg,chirp_signal,TimeSquare_spectrum,m30db,96.92736478736732,94.62739961228469,94.59472818853736,96.18861069109597,94.06278893198079,95.01853660188335,92.9785325069567,94.17715137720205,92.09339321577778,93.56201800913053,91.48304878746639,93.15261026225745,91.1169798638585,94.5948,2.3325647873673176,0.032599612284684554,-7.18114626465649e-05,1.5938106910959675,-0.5320110680192158,0.4237366018833484,-1.6162674930433099,-0.4176486227979552,-2.501406784222226,-1.0327819908694806,-3.111751212533619,-1.4421897377425523,-3.477820136141503
seg_prompt_normal_gallery_fusion,seg,chirp_signal,Gymnasium_spectrum,m10db,98.59517158472107,99.32111121932618,99.32696210276784,99.10087876879463,98.9011360054261,99.08747278884469,98.4491567404503,98.96445737968554,97.92217857134627,98.78539261812251,97.46804452693374,98.63909060585934,97.16475725070077,99.327,-0.7318284152789261,-0.0058887806738141535,-3.7897232161299144e-05,-0.22612123120536864,-0.425863994573902,-0.2395272111553055,-0.8778432595496923,-0.36254262031445705,-1.404821428653733,-0.5416073818774834,-1.8589554730662599,-0.6879093941406609,-2.1622427492992244
seg_prompt_normal_gallery_fusion,seg,chirp_signal,Gymnasium_spectrum,m20db,98.48717838671634,98.98783004038498,98.98399527759828,99.15221431856784,98.58211850897656,98.99574744325055,97.79239783856039,98.69657492409918,96.92152149537353,98.3680467242487,96.25058138168811,98.10923450779516,95.82791330494554,98.9841,-0.4969216132836607,0.003730040384979816,-0.00010472240171566227,0.1681143185678451,-0.4019814910234345,0.01164744325055267,-1.1917021614396077,-0.2875250759008168,-2.0625785046264724,-0.6160532757512982,-2.7335186183118907,-0.8748654922048331,-3.1561866950544584
seg_prompt_normal_gallery_fusion,seg,chirp_signal,Gymnasium_spectrum,m30db,83.55043992157619,77.0101802263491,77.3595061730507,83.83052674957332,81.82387362361557,82.89375546915005,80.95487038834631,82.18736531570991,80.30094625299597,81.65918375397652,79.88024329762351,81.30895833188228,79.63289462553593,77.3628,6.187639921576192,-0.35261977365088626,-0.003293826949288814,6.46772674957333,4.461073623615576,5.530955469150058,3.5920703883463148,4.824565315709918,2.9381462529959776,4.296383753976528,2.5174432976235153,3.9461583318822875,2.2700946255359327
seg_prompt_normal_gallery_fusion,seg,dsss_signal,WeaponMuseum_spectrum,m10db,74.5890900254702,64.75153393051497,65.60241857664634,71.44844096657452,63.92040593425391,67.66291271814227,61.049241527983966,64.57200946198117,59.457665267473715,62.67462254158303,58.63270727460418,61.63943509407033,58.21436078317607,65.6026,8.986490025470204,-0.8510660694850287,-0.00018142335365212148,5.845840966574528,-1.6821940657460885,2.0603127181422707,-4.553358472016029,-1.0305905380188278,-6.144934732526281,-2.9279774584169687,-6.969892725395816,-3.9631649059296663,-7.388239216823926
seg_prompt_normal_gallery_fusion,seg,dsss_signal,WeaponMuseum_spectrum,m20db,75.92190740579343,64.08826880264284,64.98605437004711,75.34695624773231,68.51839085164212,71.9549678589674,65.75131383068575,69.14596591583508,64.17486087867779,67.36161970098786,63.34757461450178,66.36637051868622,62.92574401797949,64.9857,10.93620740579344,-0.8974311973571503,0.0003543700471198008,10.361256247732314,3.53269085164213,6.969267858967399,0.7656138306857514,4.160265915835083,-0.8108391213222035,2.3759197009878648,-1.6381253854982134,1.3806705186862303,-2.0599559820205045
seg_prompt_normal_gallery_fusion,seg,dsss_signal,WeaponMuseum_spectrum,m30db,71.96393615435196,77.73154978487659,78.17532284097692,85.29055051718325,83.83335135587696,84.89734857776253,82.85316283055253,84.12088590167188,82.2139029957684,83.52810453603598,81.8524416392847,83.16915570315844,81.66087705661317,78.1759,-6.211963845648043,-0.4443502151234071,-0.0005771590230807533,7.11465051718325,5.657451355876958,6.72144857776253,4.677262830552536,5.944985901671885,4.0380029957683945,5.352204536035984,3.6765416392847072,4.9932557031584395,3.4849770566131753
seg_prompt_normal_gallery_fusion,seg,dsss_signal,Playground_spectrum,m10db,70.12630795312738,68.65159579478677,68.99301404898195,68.96383683556064,63.74587170905701,66.30838197477381,61.76439364610138,64.18533646027885,60.653541397235834,62.88538534761712,60.07170072560816,62.17394939215484,59.77487410166453,68.9937,1.1326079531273763,-0.34210420521323215,-0.0006859510180561301,-0.029863164439362322,-5.247828290942991,-2.685318025226195,-7.229306353898622,-4.808363539721157,-8.34015860276417,-6.108314652382887,-8.921999274391844,-6.819750607845165,-9.218825898335474
seg_prompt_normal_gallery_fusion,seg,dsss_signal,Playground_spectrum,m20db,74.4579401591887,66.68548115509624,67.2502152192016,71.84861982422478,65.0971554690479,68.35620553656474,62.55236533098778,65.66470801832752,61.12792958840985,63.991498470308294,60.38564257747764,63.070659476177646,60.00856194306048,67.2504,7.207540159188696,-0.5649188449037581,-0.0001847807983921257,4.598219824224785,-2.153244530952094,1.1058055365647448,-4.698034669012216,-1.5856919816724826,-6.12247041159015,-3.2589015296917054,-6.864757422522359,-4.179740523822353,-7.241838056939521
seg_prompt_normal_gallery_fusion,seg,dsss_signal,Playground_spectrum,m30db,73.7890524052515,75.30888013425296,75.77124758084751,81.45033196796703,78.13594968856746,80.07404211491827,76.446579659012,78.59146843923388,75.40229628900029,77.55400920472435,74.82859296232769,76.94893599350895,74.52853193835777,75.7713,-1.9822475947485003,-0.4624198657470373,-5.24191524817752e-05,5.679031967967035,2.364649688567468,4.302742114918274,0.6752796590120056,2.820168439233882,-0.3690037109997064,1.7827092047243553,-0.9427070376723066,1.1776359935089573,-1.2427680616422236
seg_prompt_normal_gallery_fusion,seg,dsss_signal,TimeSquare_spectrum,m10db,76.04169652405088,69.8474776040999,70.44886036358461,73.13166484181717,65.75550587694103,69.59320885956407,62.59407326340678,66.51348352339691,60.77348490495047,64.50500252297653,59.815321105511984,63.37347618005629,59.32686850039255,70.4504,5.591296524050875,-0.6029223959001087,-0.0015396364153872355,2.6812648418171676,-4.6948941230589725,-0.8571911404359298,-7.856326736593225,-3.9369164766030877,-9.67691509504953,-5.9453974770234765,-10.635078894488018,-7.076923819943715,-11.123531499607452
seg_prompt_normal_gallery_fusion,seg,dsss_signal,TimeSquare_spectrum,m20db,81.41786201789026,72.77539001212986,73.46720157562248,80.96348238803184,74.89256816618057,78.16908761838948,71.83147301141337,75.47098205167244,69.89289856111282,73.63472021122443,68.81049173514128,72.5558719776389,68.2413513538102,73.4672,7.950662017890252,-0.691809987870144,1.5756224769347682e-06,7.49628238803183,1.4253681661805615,4.7018876183894776,-1.6357269885866401,2.003782051672431,-3.57430143888719,0.16752021122442784,-4.656708264858722,-0.9113280223611042,-5.225848646189803
seg_prompt_normal_gallery_fusion,seg,dsss_signal,TimeSquare_spectrum,m30db,79.37461623176893,86.70612362327842,86.76853783089143,85.6949053042887,85.379135871696,85.85765158050714,84.68108529835709,85.61756602581161,84.03776968243662,85.31256347577718,83.59798285708924,85.0806375660084,83.34058932166367,86.7684,-7.393783768231074,-0.06227637672158437,0.00013783089143259986,-1.0734946957113038,-1.3892641283040064,-0.9107484194928617,-2.08731470164291,-1.1508339741883873,-2.7306303175633815,-1.4558365242228177,-3.1704171429107646,-1.687762433991594,-3.4278106783363285
seg_prompt_normal_gallery_fusion,seg,dsss_signal,Gymnasium_spectrum,m10db,59.947712798379506,67.4198080450156,67.45558035641459,62.07693491039761,61.26425394498624,62.21464648159505,60.22305107885987,61.67826706088171,59.462819956717006,61.104448148376676,59.015217472438344,60.717815927848875,58.77390614096548,67.4565,-7.5087872016205,-0.036691954984405584,-0.0009196435854192941,-5.379565089602394,-6.192246055013769,-5.241853518404959,-7.233448921140138,-5.778232939118297,-7.993680043283,-6.3520518516233295,-8.441282527561661,-6.7386840721511305,-8.682593859034526
seg_prompt_normal_gallery_fusion,seg,dsss_signal,Gymnasium_spectrum,m20db,83.82603400452662,82.19748059025879,82.7207990435242,86.11312677901634,82.78310471311777,84.75291756723196,80.88102478322385,83.25938711755182,79.63711970246214,82.15446493564356,78.9301684733115,81.48444110003801,78.55405813224557,82.721,1.1050340045266154,-0.5235194097412119,-0.00020095647580831155,3.392126779016337,0.06210471311776189,2.0319175672319574,-1.8399752167761534,0.5383871175518209,-3.08388029753786,-0.5665350643564437,-3.790831526688507,-1.2365588999619916,-4.166941867754431
seg_prompt_normal_gallery_fusion,seg,dsss_signal,Gymnasium_spectrum,m30db,56.88024013351944,70.15250880563019,70.0478733180496,70.19183353428363,72.54779308211428,71.98301723262692,72.88481002250377,72.7813756392995,72.959733748265,73.08344607470912,72.96869106630123,73.19928544653274,72.96512897618463,70.0468,-13.166559866480561,0.10570880563018648,0.001073318049591876,0.14503353428362686,2.5009930821142774,1.936217232626916,2.8380100225037665,2.734575639299493,2.91293374826499,3.036646074709111,2.921891066301228,3.1524854465327365,2.9183289761846254
seg_prompt_normal_gallery_fusion,seg,pulse_signal,WeaponMuseum_spectrum,m20db,98.94499985048243,99.52310824843629,99.57158370605512,99.54722894477686,99.58465903749934,99.58026834166633,99.5364575809005,99.5877364755968,99.4347918899825,99.58076292237871,99.3249349533102,99.56997350190872,99.2418555097801,99.5716,-0.6266001495175715,-0.048491751563716434,-1.6293944881340394e-05,-0.02437105522314198,0.013059037499331794,0.008668341666322021,-0.035142419099500444,0.016136475596795208,-0.1368081100174976,0.00916292237870664,-0.24666504668979883,-0.001626498091283679,-0.3297444902199089
seg_prompt_normal_gallery_fusion,seg,pulse_signal,WeaponMuseum_spectrum,m30db,97.32953314054757,95.95808606519547,96.2516197073392,98.98866860210602,98.65083469076778,98.92776413592755,98.23612707941847,98.77199695106185,97.8274358899241,98.60242748722162,97.52507515109454,98.47390255359967,97.33682471801566,96.2516,1.0779331405475716,-0.2935139348045226,1.9707339205865537e-05,2.737068602106021,2.399234690767784,2.67616413592755,1.98452707941847,2.520396951061855,1.5758358899241074,2.350827487221622,1.2734751510945443,2.2223025535996754,1.0852247180156667
seg_prompt_normal_gallery_fusion,seg,pulse_signal,WeaponMuseum_spectrum,m40db,76.09920481634096,74.52673593486256,74.81583916233107,88.38693508524675,88.24383201004673,88.7244519984238,87.75632712259454,88.43664696723437,87.4107190966279,88.14931502480592,87.20871830329864,87.97359474919271,87.09327411391735,74.8164,1.2828048163409562,-0.289664065137444,-0.0005608376689281158,13.570535085246746,13.42743201004673,13.908051998423801,12.93992712259454,13.620246967234365,12.594319096627899,13.332915024805914,12.392318303298637,13.157194749192712,12.276874113917344
seg_prompt_normal_gallery_fusion,seg,pulse_signal,Playground_spectrum,m20db,99.41550176381399,99.66777084191202,99.67695591721183,99.67950482847756,99.6679640978608,99.68496386763321,99.59077817006752,99.67556569024866,99.47189883864182,99.65474775177589,99.35953586235308,99.63380614354848,99.28140552499444,99.6769,-0.261398236186011,-0.009129158087986866,5.5917211824407786e-05,0.002604828477558385,-0.008935902139199925,0.00806386763321143,-0.08612182993248041,-0.0013343097513427438,-0.20500116135818303,-0.022152248224116988,-0.3173641376469192,-0.043093856451520196,-0.3954944750055631
seg_prompt_normal_gallery_fusion,seg,pulse_signal,Playground_spectrum,m30db,97.53588141370122,99.09571703302021,99.02286767383755,99.31501111406043,98.85635765735455,99.18937791252735,98.40477800699534,98.95863752636852,98.0074164407951,98.74806161027495,97.73318757148286,98.60354867499916,97.57046935700198,99.0229,-1.4870185862987881,0.07281703302020048,-3.232616245441022e-05,0.29211111406041823,-0.16654234264545664,0.16647791252734123,-0.6181219930046638,-0.06426247363148718,-1.0154835592049096,-0.2748383897250619,-1.2897124285171486,-0.4193513250008465,-1.4524306429980243
seg_prompt_normal_gallery_fusion,seg,pulse_signal,Playground_spectrum,m40db,92.66166290101091,79.96208866952946,79.68818820007361,91.91555228998791,86.64390993824253,88.84243760927404,84.96540606616598,86.8547919457481,84.0280397673128,85.78524309784305,83.51461382269966,85.21950927420897,83.24062043089205,79.688,12.973662901010911,0.274088669529462,0.00018820007360886848,12.227552289987912,6.955909938242527,9.15443760927404,5.27740606616598,7.166791945748102,4.340039767312803,6.097243097843048,3.826613822699656,5.531509274208972,3.5526204308920484
seg_prompt_normal_gallery_fusion,seg,pulse_signal,TimeSquare_spectrum,m20db,99.30602220340103,99.65835601842801,99.67030244088215,99.62149092569415,99.60114389046723,99.62997041115504,99.46406647484274,99.61508793888618,99.22646824209063,99.58276278082151,98.9971025129672,99.5473969295338,98.83772772343278,99.6703,-0.3642777965989694,-0.011943981571988616,2.44088215595184e-06,-0.048809074305850686,-0.06915610953276996,-0.040329588844954856,-0.20623352515725912,-0.05521206111382071,-0.4438317579093649,-0.08753721917848623,-0.6731974870327946,-0.12290307046619375,-0.8325722765672197
seg_prompt_normal_gallery_fusion,seg,pulse_signal,TimeSquare_spectrum,m30db,99.07804878733654,99.69771836101408,99.68706380732245,99.6453008224646,99.48427551060578,99.61730725665363,99.19380729040203,99.5417896101085,98.83510617412226,99.44672729826578,98.54138564203046,99.36317293784323,98.35516816181126,99.6871,-0.6090512126634593,0.010618361014081756,-3.619267755539113e-05,-0.041799177535395415,-0.20282448939421727,-0.06979274334636898,-0.49329270959796645,-0.14531038989150602,-0.8519938258777415,-0.24037270173421632,-1.1457143579695384,-0.3239270621567698,-1.331931838188737
seg_prompt_normal_gallery_fusion,seg,pulse_signal,TimeSquare_spectrum,m40db,97.44666261806881,91.9273276953816,91.85919098281259,98.35187417825223,96.70812146236847,97.75497173908373,95.60331727362497,97.02449827666993,94.787356338079,96.4443176870863,94.2784175529052,96.0737338584292,93.99086058632473,91.8591,5.587562618068816,0.06822769538160856,9.098281259412033e-05,6.492774178252233,4.849021462368469,5.895871739083731,3.744217273624969,5.165398276669933,2.928256338078995,4.585217687086299,2.4193175529051985,4.214633858429195,2.131760586324731
seg_prompt_normal_gallery_fusion,seg,pulse_signal,Gymnasium_spectrum,m20db,99.31803208909231,99.7075544874198,99.71412233352928,99.60605356892725,99.64486534989915,99.63450298829825,99.60828880371065,99.64428182218842,99.51075017372675,99.6426118541089,99.39304710885355,99.63605855831254,99.30102736659634,99.7141,-0.3960679109076892,-0.006545512580203194,2.233352927305532e-05,-0.10804643107275069,-0.06923465010085295,-0.07959701170175038,-0.10581119628935198,-0.06981817781158384,-0.2033498262732536,-0.0714881458910952,-0.32105289114645075,-0.07804144168746063,-0.4130726334036581
seg_prompt_normal_gallery_fusion,seg,pulse_signal,Gymnasium_spectrum,m30db,99.13959454040638,98.01344430954721,98.3033562284244,99.51512753922171,98.95452335601293,99.38889833978898,98.23189664755938,99.09880870350334,97.57479469324485,98.77605308669382,97.1225066296933,98.5357506210432,96.85252352556358,98.3034,0.8361945404063817,-0.2899556904527856,-4.37715755907675e-05,1.2117275392217124,0.6511233560129313,1.085498339788984,-0.07150335244061523,0.795408703503341,-0.7286053067551421,0.4726530866938248,-1.1808933703066913,0.23235062104321003,-1.4508764744364129
seg_prompt_normal_gallery_fusion,seg,pulse_signal,Gymnasium_spectrum,m40db,47.006796916410174,60.72462634358162,60.675457927390916,75.14298111895113,77.41491171969771,76.57682411524668,77.7210281150744,77.12288625020453,77.85248059545961,77.35165739922756,77.91395306321274,77.45702681058609,77.94390384846312,60.6814,-13.674603083589822,0.04322634358162247,-0.00594207260908064,14.46158111895113,16.733511719697717,15.895424115246684,17.039628115074407,16.441486250204534,17.171080595459614,16.670257399227566,17.232553063212748,16.77562681058609,17.262503848463126
