dataset,scene,jsr,promptad_auc,normal_auc,raw_lam0_auc,minmax_lam0_auc,z_lam0_auc,raw_lam0.02_auc,minmax_lam0.02_auc,z_lam0.02_auc,raw_lam0.05_auc,minmax_lam0.05_auc,z_lam0.05_auc,raw_lam0.1_auc,minmax_lam0.1_auc,z_lam0.1_auc,raw_lam0.2_auc,minmax_lam0.2_auc,z_lam0.2_auc,raw_lam0.4_auc,minmax_lam0.4_auc,z_lam0.4_auc,raw_lam0.8_auc,minmax_lam0.8_auc,z_lam0.8_auc,raw_lam1_auc,minmax_lam1_auc,z_lam1_auc,raw_lam1.5_auc,minmax_lam1.5_auc,z_lam1.5_auc,raw_lam2_auc,minmax_lam2_auc,z_lam2_auc,raw_lam3_auc,minmax_lam3_auc,z_lam3_auc,raw_lam5_auc,minmax_lam5_auc,z_lam5_auc,raw_lam10_auc,minmax_lam10_auc,z_lam10_auc
burst_signal,Gymnasium_spectrum,m10db,87.921146953405,99.2831541218638,87.921146953405,87.921146953405,87.921146953405,88.70967741935483,88.31541218637993,88.31541218637993,90.17921146953405,88.49462365591397,88.5663082437276,91.32616487455196,89.35483870967742,89.56989247311827,93.26164874551972,90.68100358422939,90.86021505376343,95.98566308243728,91.86379928315411,92.25806451612904,97.4910394265233,94.98207885304659,95.48387096774194,97.8853046594982,95.69892473118279,95.87813620071685,98.63799283154123,96.70250896057347,97.02508960573478,99.10394265232975,97.27598566308244,97.41935483870967,99.39068100358423,97.92114695340501,97.99283154121864,99.42652329749104,98.88888888888889,99.06810035842294,99.42652329749104,99.35483870967742,99.39068100358423
burst_signal,Gymnasium_spectrum,m20db,87.44673295454545,97.23011363636364,87.44673295454545,87.44673295454545,87.44673295454545,88.10369318181819,87.67755681818183,87.67755681818183,88.99147727272727,87.92613636363636,88.06818181818183,90.30539772727273,88.7784090909091,88.88494318181819,92.2940340909091,89.48863636363636,89.80823863636364,94.921875,91.015625,91.33522727272727,96.30681818181817,93.359375,94.0340909090909,96.41335227272728,94.35369318181819,94.77982954545455,96.69744318181817,95.34801136363636,95.73863636363636,96.875,95.91619318181817,96.23579545454545,97.05255681818181,96.44886363636364,96.484375,97.15909090909089,96.69744318181819,96.91051136363636,97.19460227272728,97.01704545454545,97.05255681818181
burst_signal,Gymnasium_spectrum,m30db,81.5340909090909,91.83238636363636,81.5340909090909,81.5340909090909,81.5340909090909,81.99573863636364,81.78267045454545,81.78267045454545,82.5284090909091,82.10227272727273,82.10227272727273,83.45170454545455,82.5284090909091,82.49289772727273,84.80113636363636,83.23863636363636,83.27414772727273,86.78977272727273,84.6590909090909,84.6590909090909,89.55965909090908,86.328125,86.39914772727273,90.26988636363636,87.3934659090909,87.42897727272727,90.83806818181817,88.99147727272727,89.13352272727273,90.9090909090909,89.98579545454545,90.02130681818183,90.87357954545455,90.73153409090908,90.76704545454545,91.19318181818183,90.98011363636364,91.015625,91.93892045454545,91.19318181818183,91.19318181818183
burst_signal,Playground_spectrum,m10db,82.53703703703704,98.37037037037038,82.53703703703704,82.53703703703704,82.53703703703704,83.5925925925926,83.25925925925925,83.11111111111111,85.03703703703702,84.22222222222221,83.74074074074073,86.62962962962962,85.59259259259258,85.03703703703702,88.96296296296296,87.5925925925926,86.5185185185185,91.81481481481481,90.07407407407408,88.92592592592592,94.07407407407406,92.96296296296296,91.77777777777779,94.77777777777779,93.62962962962962,92.51851851851852,95.77777777777779,94.77777777777779,93.77777777777779,96.66666666666667,95.51851851851852,94.62962962962962,97.44444444444444,96.74074074074075,95.5925925925926,97.85185185185186,97.59259259259258,97.03703703703704,98.14814814814814,97.96296296296296,97.85185185185186
burst_signal,Playground_spectrum,m20db,79.51851851851852,95.29629629629629,79.51851851851852,79.51851851851852,79.51851851851852,80.48148148148148,80.29629629629629,80.25925925925925,81.29629629629629,80.7037037037037,80.55555555555556,82.77777777777777,81.96296296296298,81.33333333333333,85.07407407407408,83.92592592592594,82.85185185185185,87.66666666666667,85.88888888888889,85.07407407407408,90.14814814814814,88.5925925925926,87.70370370370371,91.11111111111111,89.55555555555556,88.40740740740742,92.48148148148148,91.14814814814814,89.96296296296296,93.37037037037037,92.25925925925925,91.14814814814815,94.07407407407406,93.37037037037037,92.51851851851852,94.7037037037037,94.2962962962963,93.81481481481482,95.0,94.85185185185185,94.77777777777777
burst_signal,Playground_spectrum,m30db,68.62571022727272,79.72301136363636,68.62571022727272,68.62571022727272,68.62571022727272,69.2471590909091,69.0340909090909,69.06960227272727,69.921875,69.46022727272727,69.46022727272727,71.16477272727273,70.13494318181816,70.13494318181816,73.15340909090908,71.3778409090909,71.44886363636363,74.85795454545455,73.5440340909091,73.57954545454545,76.38494318181819,75.21306818181817,75.21306818181819,76.5625,75.81676136363636,75.88778409090908,77.16619318181819,76.45596590909089,76.45596590909089,77.6278409090909,76.70454545454545,76.70454545454545,78.40909090909089,77.37926136363636,77.45028409090908,79.04829545454545,78.37357954545455,78.4090909090909,79.296875,79.1903409090909,79.22585227272727
burst_signal,TimeSquare_spectrum,m10db,94.40860215053763,93.584229390681,94.40860215053763,94.40860215053763,94.40860215053763,95.3405017921147,95.0179211469534,94.80286738351255,96.27240143369175,95.77060931899642,95.51971326164875,97.4910394265233,96.55913978494624,96.27240143369175,98.5663082437276,97.84946236559139,97.4910394265233,99.24731182795699,98.81720430107528,98.5663082437276,99.42652329749103,99.31899641577061,99.24731182795699,99.53405017921146,99.35483870967742,99.31899641577061,99.39068100358423,99.46236559139786,99.39068100358423,98.88888888888889,99.49820788530465,99.53405017921146,97.77777777777779,99.10394265232975,99.39068100358423,96.59498207885305,97.8136200716846,98.24372759856632,95.16129032258065,96.34408602150538,96.59498207885305
burst_signal,TimeSquare_spectrum,m20db,93.22222222222221,92.22222222222223,93.22222222222221,93.22222222222221,93.22222222222221,94.33333333333334,93.92592592592592,93.88888888888889,95.14814814814815,94.44444444444444,94.44444444444444,96.44444444444444,95.37037037037037,95.14814814814815,98.18518518518519,96.81481481481482,96.62962962962963,99.22222222222221,98.29629629629629,98.22222222222223,99.25925925925925,99.33333333333333,99.25925925925925,99.14814814814814,99.4074074074074,99.37037037037037,98.44444444444444,99.25925925925925,99.22222222222223,97.88888888888889,98.92592592592592,99.07407407407408,96.77777777777777,98.1111111111111,98.25925925925925,95.5925925925926,97.14814814814815,97.22222222222221,94.03703703703704,95.37037037037037,95.55555555555556
burst_signal,TimeSquare_spectrum,m30db,87.1111111111111,86.03703703703704,87.1111111111111,87.1111111111111,87.1111111111111,87.81481481481482,87.55555555555556,87.55555555555556,88.77777777777777,88.07407407407408,88.07407407407408,89.85185185185186,88.96296296296296,89.00000000000001,91.62962962962963,90.37037037037038,90.37037037037038,93.77777777777777,92.74074074074073,92.74074074074073,94.5925925925926,94.62962962962962,94.62962962962962,94.29629629629629,94.74074074074073,94.7037037037037,92.62962962962963,94.33333333333334,94.33333333333334,91.66666666666667,93.18518518518519,93.18518518518519,90.33333333333331,91.77777777777777,91.77777777777777,88.74074074074075,90.18518518518518,90.18518518518518,87.8148148148148,88.37037037037038,88.37037037037038
burst_signal,WeaponMuseum_spectrum,m10db,80.13736263736264,92.8021978021978,80.13736263736264,80.13736263736264,80.13736263736264,81.04395604395604,80.6043956043956,80.6043956043956,82.25274725274726,80.93406593406594,80.93406593406594,84.50549450549451,81.64835164835165,81.64835164835165,87.08791208791209,82.96703296703296,82.96703296703296,89.56043956043955,85.54945054945054,85.54945054945054,91.81318681318682,88.51648351648352,88.40659340659342,92.25274725274724,89.12087912087912,89.01098901098902,92.52747252747253,90.71428571428571,90.6043956043956,92.69230769230768,91.26373626373626,91.15384615384615,93.18681318681318,92.25274725274724,92.25274725274724,93.18681318681318,92.69230769230768,92.69230769230768,93.13186813186813,93.02197802197803,93.02197802197803
burst_signal,WeaponMuseum_spectrum,m20db,76.20879120879121,87.1978021978022,76.20879120879121,76.20879120879121,76.20879120879121,77.03296703296704,76.4835164835165,76.4835164835165,78.2967032967033,76.97802197802199,76.97802197802199,80.38461538461539,77.6923076923077,77.58241758241759,82.91208791208791,79.28571428571429,79.23076923076924,85.1098901098901,81.5934065934066,81.7032967032967,87.03296703296704,84.50549450549451,84.3956043956044,87.3076923076923,85.0,85.10989010989012,87.14285714285714,86.15384615384616,85.93406593406594,86.92307692307692,86.86813186813187,86.86813186813187,86.92307692307692,87.14285714285714,87.1978021978022,87.19780219780219,86.92307692307692,86.86813186813187,87.1978021978022,86.92307692307692,86.92307692307692
burst_signal,WeaponMuseum_spectrum,m30db,67.3076923076923,80.76923076923077,67.3076923076923,67.3076923076923,67.3076923076923,67.91208791208791,67.58241758241758,67.58241758241758,68.95604395604396,68.07692307692308,67.91208791208791,70.27472527472527,68.79120879120879,68.57142857142857,73.02197802197803,69.94505494505493,69.67032967032966,76.64835164835165,72.30769230769232,71.86813186813187,78.1043956043956,76.04395604395606,75.05494505494507,78.62637362637363,76.92307692307693,76.42857142857143,79.56043956043956,77.47252747252747,77.47252747252747,80.54945054945057,78.13186813186813,78.13186813186813,80.98901098901099,79.23076923076924,78.84615384615385,81.26373626373625,80.54945054945057,80.54945054945055,81.20879120879121,81.20879120879121,81.04395604395603
chirp_signal,Gymnasium_spectrum,m10db,96.18673050615595,99.24760601915183,96.18673050615595,96.18673050615595,96.18673050615595,96.40902872777018,96.30642954856361,96.30642954856361,96.75102599179206,96.51162790697674,96.51162790697674,97.46922024623802,96.75102599179206,96.75102599179206,98.25581395348837,97.46922024623802,97.36662106703146,98.97400820793433,98.22161422708618,98.22161422708618,99.35020519835841,98.97400820793433,98.93980848153214,99.4186046511628,99.1108071135431,99.04240766073872,99.55540355677155,99.28180574555402,99.24760601915185,99.65800273597812,99.4186046511628,99.3844049247606,99.76060191518468,99.55540355677155,99.55540355677155,99.65800273597812,99.76060191518468,99.76060191518468,99.58960328317374,99.69220246238031,99.72640218878249
chirp_signal,Gymnasium_spectrum,m20db,91.96875,98.0,91.96875,91.96875,91.96875,92.4375,92.21875,92.21875,92.96875,92.71875,92.6875,93.84375,93.06249999999999,93.03125,94.90625,93.96875,93.84375,96.15625,95.0625,95.0,97.21875,96.24999999999999,96.15625,97.5625,96.59375,96.53124999999999,97.78125,97.21875,97.09375,97.78125,97.625,97.59374999999999,97.90625,97.78125,97.78125,98.09375,97.90625,97.875,98.09375,98.09374999999999,98.09374999999999
chirp_signal,Gymnasium_spectrum,m30db,65.57403783431181,58.80626223091976,65.57403783431181,65.57403783431181,65.57403783431181,65.65557729941291,65.75342465753424,65.68819308545335,65.78604044357469,65.55772994129158,65.59034572733204,65.55772994129158,65.4924983692107,65.42726679712982,65.62296151337247,66.37312459230267,66.30789302022178,66.63405088062623,65.98173515981736,66.21004566210046,66.14481409001957,65.36203522504893,65.78604044357469,65.81865622961513,64.70971950424004,65.26418786692759,65.29680365296804,63.50293542074363,64.15525114155251,64.28571428571428,62.68754076973255,63.24200913242009,63.339856490541415,61.12198303979126,61.77429876060012,61.35029354207436,60.53489889106327,60.76320939334637,60.46966731898239,59.71950424005219,60.01304631441617
chirp_signal,Playground_spectrum,m10db,97.76383526383526,99.38867438867439,97.76383526383526,97.76383526383526,97.76383526383526,97.97297297297298,97.9086229086229,97.9086229086229,98.1981981981982,98.00514800514802,98.00514800514802,98.58429858429858,98.23037323037323,98.23037323037323,98.90604890604891,98.64864864864865,98.58429858429858,99.16344916344917,98.90604890604891,98.90604890604891,99.29214929214929,99.1956241956242,99.1956241956242,99.32432432432432,99.25997425997424,99.22779922779922,99.35649935649936,99.29214929214929,99.29214929214929,99.2921492921493,99.32432432432432,99.32432432432432,99.38867438867439,99.32432432432432,99.32432432432432,99.42084942084942,99.38867438867439,99.32432432432434,99.38867438867439,99.42084942084942,99.42084942084942
chirp_signal,Playground_spectrum,m20db,93.73456790123456,96.82098765432099,93.73456790123456,93.73456790123456,93.73456790123456,94.1358024691358,93.98148148148148,93.91975308641976,94.81481481481481,94.25925925925925,94.25925925925925,95.70987654320987,95.03086419753086,94.81481481481481,96.26543209876543,95.74074074074073,95.70987654320987,97.00617283950616,96.41975308641975,96.26543209876543,97.22222222222221,97.0679012345679,97.00617283950616,97.31481481481481,97.19135802469134,97.09876543209876,97.37654320987653,97.22222222222221,97.19135802469135,97.46913580246914,97.31481481481481,97.31481481481481,97.37654320987654,97.4074074074074,97.37654320987653,97.31481481481482,97.31481481481481,97.37654320987654,97.12962962962962,97.28395061728395,97.31481481481482
chirp_signal,Playground_spectrum,m30db,84.55812480202724,91.7960088691796,84.55812480202724,84.55812480202724,84.55812480202724,84.98574596135572,84.82736775419701,84.82736775419701,85.80931263858093,85.33417801710485,85.08077288565093,86.9179600886918,86.31612290148875,86.22109597719354,88.31168831168831,87.4881216344631,87.2347165030092,90.21222679759265,89.07190370605005,88.81849857459613,91.89103579347481,90.82990180551155,90.65568577763699,92.23946784922396,91.2258473234083,90.9724421919544,92.49287298067786,92.23946784922396,92.0494140006335,92.87298067785873,92.49287298067786,92.33449477351915,92.71460247070004,92.87298067785873,92.6829268292683,92.46119733924611,92.68292682926828,92.71460247070004,92.30281913208744,92.3661704149509,92.3661704149509
chirp_signal,TimeSquare_spectrum,m10db,97.32340829901806,99.0180551156161,97.32340829901806,97.32340829901806,97.32340829901806,97.49762432689262,97.30757047830217,97.30757047830217,97.68767817548306,97.59265125118783,97.59265125118783,97.87773202407348,97.75102945834652,97.75102945834652,98.4478935698448,98.00443458980044,98.00443458980044,98.85967690845739,98.54292049414,98.63794741843522,99.04973075704783,98.92302819132087,98.92302819132087,99.1130820399113,99.0180551156161,99.04973075704783,99.1130820399113,99.08140639847957,99.1130820399113,99.17643332277478,99.14475768134304,99.14475768134304,99.20810896420652,99.17643332277478,99.17643332277478,99.23978460563826,99.20810896420652,99.20810896420652,99.17643332277478,99.20810896420652,99.20810896420652
chirp_signal,TimeSquare_spectrum,m20db,90.52460949012672,92.33716475095785,90.52460949012672,90.52460949012672,90.52460949012672,90.92248747421161,90.86354258768053,90.83407014441497,91.482463896257,91.33510167992927,91.24668435013261,92.30769230769229,92.01296787503684,91.95402298850574,93.22133804892425,93.10344827586205,92.83819628647214,94.42970822281166,94.04656646035957,93.7518420277041,95.28440907751252,95.13704686118479,94.98968464485705,95.49071618037135,95.31388152077808,95.31388152077807,95.54966106690244,95.49071618037135,95.5201886236369,95.2844090775125,95.46124373710582,95.5201886236369,94.42970822281167,94.81284998526378,95.10757441791924,93.75184202770409,94.04656646035957,94.1349837901562,93.19186560565869,93.16239316239316,93.28028293545533
chirp_signal,TimeSquare_spectrum,m30db,84.1111111111111,89.20634920634922,84.1111111111111,84.1111111111111,84.1111111111111,84.34920634920636,84.38095238095238,84.34920634920636,85.07936507936508,84.82539682539682,84.95238095238095,86.19047619047619,85.84126984126983,85.93650793650794,88.31746031746033,87.61904761904762,87.74603174603173,90.50793650793652,89.71428571428572,90.0952380952381,92.31746031746032,91.74603174603175,91.93650793650792,92.66666666666667,92.34920634920636,92.53968253968254,92.76190476190477,92.73015873015873,92.82539682539684,92.98412698412699,92.82539682539684,92.95238095238096,92.57142857142857,92.73015873015873,92.53968253968254,91.87301587301587,92.2222222222222,92.03174603174602,90.95238095238095,91.17460317460318,91.14285714285714
chirp_signal,WeaponMuseum_spectrum,m10db,93.14365671641792,90.625,93.14365671641792,93.14365671641792,93.14365671641792,93.19029850746267,93.14365671641791,93.14365671641791,93.42350746268657,93.42350746268657,93.42350746268657,93.84328358208955,93.47014925373134,93.47014925373134,93.84328358208955,93.84328358208955,93.79664179104476,94.26305970149252,93.84328358208955,93.84328358208955,93.56343283582089,94.35634328358209,94.35634328358209,93.23694029850746,94.12313432835822,94.12313432835822,92.67723880597015,93.70335820895522,93.70335820895522,92.21082089552239,93.37686567164178,93.37686567164178,91.83768656716418,92.81716417910447,92.9570895522388,91.51119402985076,92.11753731343283,92.11753731343283,91.09141791044777,91.51119402985076,91.51119402985076
chirp_signal,WeaponMuseum_spectrum,m20db,91.40552995391705,86.03686635944702,91.40552995391705,91.40552995391705,91.40552995391705,91.56682027649771,91.52073732718894,91.52073732718894,91.84331797235025,91.70506912442397,91.70506912442397,92.3963133640553,91.84331797235025,91.84331797235025,92.44239631336406,92.35023041474656,92.35023041474656,92.16589861751152,92.53456221198157,92.48847926267281,91.56682027649768,92.16589861751152,92.16589861751152,91.05990783410137,92.07373271889401,92.07373271889401,90.09216589861751,91.42857142857143,91.42857142857143,89.44700460829493,91.01382488479263,91.01382488479263,88.57142857142857,90.09216589861751,90.09216589861751,87.46543778801845,88.8479262672811,88.89400921658986,86.7741935483871,87.46543778801845,87.46543778801845
chirp_signal,WeaponMuseum_spectrum,m30db,86.19257086999022,75.80645161290323,86.19257086999022,86.19257086999022,86.19257086999022,86.36363636363637,86.31476050830891,86.31476050830891,86.6080156402737,86.6080156402737,86.51026392961877,86.7546432062561,86.70576735092864,86.70576735092864,86.85239491691104,86.70576735092864,86.7546432062561,86.95014662756599,87.09677419354838,86.95014662756599,85.386119257087,86.90127077223852,86.26588465298141,84.70185728250243,86.31476050830888,85.92375366568915,83.87096774193549,85.23949169110459,84.65298142717496,82.99120234604106,84.35972629521015,83.87096774193549,81.8670576735093,83.38220918866081,82.84457478005865,79.71652003910069,82.16031280547409,81.0850439882698,78.1524926686217,79.37438905180841,78.83675464320626
dsss_signal,Gymnasium_spectrum,m10db,48.27072152653548,99.58258795468097,48.27072152653548,48.27072152653548,48.27072152653548,53.398926654740606,50.3875968992248,49.8211091234347,60.58437686344663,53.36911150864639,52.17650566487776,70.00596302921885,58.52713178294575,56.112104949314244,81.0077519379845,66.90518783542039,62.5819916517591,91.74120453190221,77.54919499105546,72.86821705426357,98.38998211091234,88.49135360763267,83.98926654740609,98.71794871794872,91.65175909361956,87.32856290995826,99.07573047107931,96.6010733452594,93.17233154442457,99.28443649373881,98.38998211091234,96.45199761478831,99.40369707811568,98.98628503279666,98.59868813357186,99.55277280858675,99.28443649373881,99.07573047107931,99.55277280858675,99.52295766249254,99.40369707811568
dsss_signal,Gymnasium_spectrum,m20db,52.80262373285629,99.94036970781157,52.80262373285629,52.80262373285629,52.80262373285629,55.21765056648778,53.60763267740012,53.48837209302325,58.79546809779368,55.307096004770415,55.0685748360167,64.72868217054264,57.60286225402504,57.12581991651759,74.65712581991652,62.55217650566488,61.59809183064997,86.55336911150864,70.96004770423376,69.79725700655932,95.82587954680977,82.73703041144901,81.06738223017294,97.58497316636851,86.6428145497913,85.00298151460943,98.95646988670245,92.33750745378653,90.84675014907575,99.37388193202146,95.91532498509243,94.84197972570065,99.70184853905783,98.53905784138342,98.15146094215862,99.85092426952892,99.37388193202146,99.28443649373882,99.91055456171735,99.79129397734049,99.76147883124627
dsss_signal,Gymnasium_spectrum,m30db,47.33154442456768,93.53011329755516,47.33154442456768,47.33154442456768,47.33154442456768,49.344066785927254,48.33035181872391,48.3005366726297,52.86225402504472,49.76147883124627,49.55277280858676,58.0799045915325,52.68336314847944,52.41502683363149,65.65295169946333,57.84138342277878,57.15563506261181,74.92546213476446,65.20572450805008,64.43053070960048,83.92963625521766,74.56768038163388,73.52415026833631,86.6428145497913,77.2510435301133,76.3267740011926,90.10137149672033,82.97555158020275,82.17054263565892,91.71138938580799,86.37447823494335,85.56946929039952,92.63565891472868,89.95229576624925,89.6541443053071,93.29159212880143,92.06917113893857,91.86046511627907,93.55992844364937,93.26177698270722,93.231961836613
dsss_signal,Playground_spectrum,m10db,77.623732856291,99.97018485390579,77.623732856291,77.623732856291,77.623732856291,80.97793679189029,78.59272510435301,78.26475849731665,84.9731663685152,79.60644007155636,79.21884317233156,90.13118664281454,81.36553369111509,80.79904591532498,95.64698867024448,84.82409063804413,83.33333333333334,98.74776386404294,89.83303518187239,87.53726893261778,99.79129397734049,95.40846750149076,93.50029815146095,99.94036970781157,96.9886702444842,95.19976147883125,99.97018485390579,98.53905784138342,97.64460345855694,99.97018485390579,99.2248062015504,98.59868813357186,100.0,99.73166368515206,99.34406678592725,100.0,99.97018485390579,99.91055456171735,100.0,100.0,99.97018485390579
dsss_signal,Playground_spectrum,m20db,66.68157423971377,100.0,66.68157423971377,66.68157423971377,66.68157423971377,69.3500298151461,67.65056648777579,67.65056648777579,73.4645199761479,68.63446630888492,68.72391174716756,79.63625521765056,70.78115682766847,71.10912343470484,89.53488372093022,75.28324388789505,75.81991651759094,97.34645199761478,82.67740011926058,83.48240906380443,99.58258795468097,92.36732259988074,93.14251639833036,99.70184853905783,95.11031604054861,95.88550983899822,99.88073941562314,98.3005366726297,98.59868813357186,99.94036970781156,99.2248062015504,99.34406678592725,99.97018485390579,99.67203339296363,99.70184853905783,100.0,99.88073941562314,99.91055456171736,100.0,100.0,100.0
dsss_signal,Playground_spectrum,m30db,63.46153846153846,99.04591532498509,63.46153846153846,63.46153846153846,63.46153846153846,64.93738819320215,64.07274895646988,64.43053070960048,67.44186046511628,64.81812760882526,65.29516994633275,70.90041741204533,66.04054859868815,67.44186046511628,78.20512820512822,69.02206320810973,70.93023255813954,88.70005963029219,74.23971377459749,78.32438878950508,96.2432915921288,83.69111508646392,88.81932021466905,97.34645199761479,87.53726893261778,92.39713774597496,98.41979725700656,93.73881932021467,95.97495527728086,98.896839594514,95.8855098389982,97.34645199761479,99.28443649373882,97.58497316636851,98.44961240310077,99.40369707811568,98.77757901013715,99.16517590936196,99.34406678592725,99.37388193202146,99.40369707811568
dsss_signal,TimeSquare_spectrum,m10db,52.17650566487776,99.82110912343471,52.17650566487776,52.17650566487776,52.17650566487776,55.008944543828264,53.60763267740012,53.1902206320811,59.809183064997015,56.290995825879556,54.97912939773405,66.78592725104352,60.22659511031604,58.02027429934407,77.78771615980918,67.62075134168157,63.98330351818724,93.20214669051879,78.92069171138938,73.43470483005366,98.77757901013715,94.21586165772212,88.1335718545021,99.2546213476446,96.21347644603459,92.96362552176505,99.70184853905783,98.6881335718545,97.13774597495528,99.82110912343471,99.40369707811568,98.65831842576029,99.91055456171735,99.70184853905783,99.55277280858677,99.88073941562313,99.88073941562313,99.82110912343471,99.85092426952892,99.85092426952892,99.88073941562313
dsss_signal,TimeSquare_spectrum,m20db,69.00715563506262,99.31425163983303,69.00715563506262,69.00715563506262,69.00715563506262,70.90041741204531,70.24448419797257,69.97614788312461,73.1365533691115,71.76505664877759,71.4370900417412,77.4597495527728,74.00119260584376,73.19618366129993,84.4066785927251,78.98032200357783,77.75790101371497,93.29159212880143,86.49373881932021,84.85390578413833,98.56887298747763,95.05068574836018,93.82826475849733,99.19499105545617,96.77996422182468,95.79606440071558,99.52295766249254,98.95646988670245,98.5092426952892,99.52295766249254,99.34406678592725,99.2248062015504,99.55277280858677,99.58258795468097,99.58258795468097,99.6124031007752,99.55277280858677,99.55277280858677,99.43351222420989,99.55277280858675,99.58258795468097
dsss_signal,TimeSquare_spectrum,m30db,78.04114490161001,97.46571258199165,78.04114490161001,78.04114490161001,78.04114490161001,79.30828861061418,78.80143112701252,78.77161598091831,81.21645796064401,79.96422182468694,79.93440667859272,84.37686344663088,81.90220632081096,81.78294573643412,88.93858079904591,85.3309481216458,85.27131782945737,94.99105545617174,90.63804412641622,90.42933810375672,98.41979725700656,96.45199761478833,96.33273703041144,98.77757901013715,97.52534287418008,97.49552772808588,98.89683959451402,98.71794871794873,98.62850327966608,98.8670244484198,98.95646988670245,98.95646988670245,98.68813357185451,98.95646988670245,98.89683959451402,98.38998211091234,98.6583184257603,98.68813357185451,98.00238521168754,98.21109123434705,98.24090638044127
dsss_signal,WeaponMuseum_spectrum,m10db,69.33212176283507,97.04679691049523,69.33212176283507,69.33212176283507,69.33212176283507,71.46751476601544,70.42253521126761,70.42253521126761,74.69332121762835,71.33121308496138,71.240345297592,78.41890049977283,72.73966378918672,72.4670604270786,84.55247614720581,76.32894139027715,75.87460245343026,89.27760109041346,80.37255792821445,79.73648341662881,93.68468877782826,86.36983189459337,85.8246251703771,94.82053611994547,87.8237164925034,87.36937755565653,95.59291231258518,90.59518400726942,90.00454338936846,96.09268514311677,92.68514311676512,92.23080417991822,96.3652885052249,94.77510222626078,94.50249886415266,96.63789186733302,95.82008178100864,95.59291231258518,96.7287596547024,96.50159018627896,96.3652885052249
dsss_signal,WeaponMuseum_spectrum,m20db,59.35938209904589,92.00363471149477,59.35938209904589,59.35938209904589,59.35938209904589,60.83598364379827,59.9727396637892,60.06360745115856,63.471149477510224,60.83598364379827,60.92685143116765,67.28759654702408,62.51703771013175,63.10767832803271,72.10358927760109,65.65197637437528,66.65152203543843,79.19127669241254,70.33166742389824,71.05860972285325,85.73375738300773,77.37392094502499,78.64606996819627,87.50567923671059,79.3730122671513,81.05406633348478,89.23216719672877,83.8255338482508,84.68877782825987,90.27714675147661,85.77919127669242,87.23307587460245,91.09495683780099,88.36892321671968,88.95956383462062,91.68559745570195,90.27714675147661,90.50431621990003,92.00363471149477,91.36756019990912,91.64016356201728
dsss_signal,WeaponMuseum_spectrum,m30db,53.021353930031815,66.56065424806906,53.021353930031815,53.021353930031815,53.021353930031815,53.566560654248065,53.29395729213993,53.24852339845525,54.47523852794185,54.06633348477965,53.70286233530213,55.474784189005,55.0658791458428,54.47523852794185,57.428441617446616,56.519763743752826,56.019990913221264,61.5174920490686,59.65470240799636,58.20081781008633,64.7887323943662,64.06179009541117,62.38073602907769,65.42480690595184,64.60699681962744,63.834620626987736,66.83325761017718,66.24261699227624,64.97046796910494,67.37846433439346,66.92412539754658,66.33348477964563,66.92412539754656,67.37846433439346,67.1967287596547,67.10586097228534,66.83325761017718,66.92412539754658,67.33303044070877,67.33303044070877,67.1967287596547
pulse_signal,Gymnasium_spectrum,m20db,95.24623803009577,100.0,95.24623803009577,95.24623803009577,95.24623803009577,95.58823529411765,95.34883720930233,95.38303693570451,96.0328317373461,95.58823529411765,95.58823529411765,96.71682626538988,95.82763337893297,95.82763337893297,97.84541723666212,96.27222982216142,96.27222982216142,99.58960328317373,97.36662106703147,97.46922024623802,99.96580027359781,98.97400820793433,99.00820793433654,100.0,99.48700410396717,99.52120383036936,100.0,99.89740082079344,99.89740082079344,100.0,99.96580027359781,99.96580027359781,100.0,100.0,100.0,100.0,100.0,100.0,100.0,100.0,100.0
pulse_signal,Gymnasium_spectrum,m30db,87.61648745519713,97.24014336917563,87.61648745519713,87.61648745519713,87.61648745519713,88.02867383512543,87.84946236559139,87.84946236559139,89.06810035842294,88.10035842293907,88.02867383512543,90.28673835125448,88.88888888888889,88.74551971326164,91.75627240143369,90.14336917562726,89.89247311827957,94.44444444444446,91.39784946236557,91.18279569892472,96.45161290322581,94.12186379928316,93.47670250896059,97.31182795698925,94.87455197132617,94.48028673835125,97.74193548387096,95.7706093189964,95.59139784946237,97.8136200716846,96.95340501792114,96.59498207885304,97.77777777777777,97.63440860215053,97.63440860215053,97.5268817204301,97.8136200716846,97.8853046594982,97.34767025089606,97.56272401433692,97.63440860215053
pulse_signal,Gymnasium_spectrum,m40db,46.50900900900901,50.04826254826256,46.50900900900901,46.50900900900901,46.50900900900901,46.4929214929215,46.49292149292149,46.33204633204633,46.46074646074646,46.23552123552124,46.42857142857143,46.3963963963964,46.171171171171174,46.10682110682111,45.88159588159588,45.23809523809524,45.97812097812098,45.65637065637066,44.53024453024453,45.238095238095234,44.94851994851995,43.082368082368085,43.79021879021879,44.272844272844274,43.5006435006435,43.01801801801802,42.95366795366796,44.176319176319176,43.468468468468465,43.178893178893176,45.173745173745175,43.79021879021879,43.27541827541828,46.81467181467182,45.14157014157014,45.173745173745175,47.972972972972975,47.03989703989704,47.651222651222646,48.745173745173744,48.68082368082368
pulse_signal,Playground_spectrum,m20db,90.87301587301587,97.32142857142857,90.87301587301587,90.87301587301587,90.87301587301587,91.30291005291006,91.26984126984127,91.26984126984127,92.42724867724867,92.1957671957672,91.9973544973545,93.3862433862434,92.989417989418,92.79100529100529,95.3373015873016,94.54365079365078,94.17989417989419,97.4537037037037,96.75925925925925,96.42857142857142,98.94179894179894,98.57804232804233,98.31349206349206,99.04100529100529,98.94179894179894,98.6441798941799,99.07407407407408,99.07407407407408,99.0410052910053,99.07407407407408,99.10714285714286,99.04100529100529,98.90873015873017,99.04100529100529,99.07407407407408,98.2473544973545,98.54497354497354,98.74338624338624,97.71825396825398,97.94973544973544,98.01587301587303
pulse_signal,Playground_spectrum,m30db,86.7128935532234,91.07946026986508,86.7128935532234,86.7128935532234,86.7128935532234,87.06896551724138,87.06896551724138,87.18140929535232,87.6311844077961,87.55622188905548,87.74362818590706,88.30584707646177,88.23088455772114,88.45577211394303,89.880059970015,89.84257871064467,90.25487256371815,91.64167916041978,91.60419790104947,92.01649175412294,93.7031484257871,93.7031484257871,94.11544227886057,94.37781109445278,94.37781109445278,94.60269865067465,94.7151424287856,94.86506746626686,94.37781109445278,94.26536731634184,94.19040479760119,93.89055472263868,93.62818590704649,93.62818590704649,93.4032983508246,92.76611694152925,92.84107946026985,92.69115442278861,92.2038980509745,92.24137931034483,92.05397301349326
pulse_signal,Playground_spectrum,m40db,68.73278236914602,68.69834710743802,68.73278236914602,68.73278236914602,68.73278236914602,68.93939393939394,69.0426997245179,69.0426997245179,69.0771349862259,69.28374655647383,69.24931129476585,69.69696969696969,69.86914600550963,69.86914600550963,70.24793388429752,70.48898071625344,70.42011019283746,70.31680440771349,70.86776859504133,70.83333333333334,71.14325068870524,70.93663911845731,70.93663911845731,70.73002754820938,70.76446280991736,70.76446280991736,70.76446280991736,71.2121212121212,71.17768595041322,71.38429752066116,70.69559228650138,70.69559228650138,70.90220385674931,70.45454545454545,70.42011019283747,70.38567493112949,70.24793388429752,70.28236914600552,69.86914600550963,69.59366391184572,69.59366391184572
pulse_signal,TimeSquare_spectrum,m20db,97.2263868065967,94.90254872563717,97.2263868065967,97.2263868065967,97.2263868065967,97.4512743628186,97.30134932533733,97.30134932533733,97.93853073463268,97.4887556221889,97.63868065967016,98.65067466266866,97.86356821589204,98.2383808095952,99.28785607196401,98.53823088455772,98.87556221889055,99.85007496251875,99.17541229385307,99.47526236881559,100.0,99.85007496251875,99.92503748125937,100.0,99.88755622188906,99.96251874062969,99.85007496251875,100.0,100.0,99.43778110944528,100.0,99.92503748125937,99.06296851574213,99.88755622188906,99.66266866566717,98.42578710644678,99.28785607196401,99.06296851574213,97.26386806596703,98.57571214392804,98.2383808095952
pulse_signal,TimeSquare_spectrum,m30db,90.49586776859503,88.18870523415978,90.49586776859503,90.49586776859503,90.49586776859503,90.94352617079889,90.84022038567494,90.90909090909092,91.63223140495867,91.11570247933885,91.21900826446281,92.4931129476584,91.66666666666667,91.90771349862258,94.00826446280992,92.59641873278237,93.04407713498624,96.31542699724518,94.21487603305785,94.9724517906336,97.65840220385675,96.5909090909091,97.27961432506888,97.65840220385674,97.1418732782369,97.58953168044077,97.38292011019284,97.69283746556474,97.69283746556474,96.55647382920111,97.62396694214875,97.45179063360881,95.35123966942149,97.03856749311295,96.34986225895317,93.97382920110192,95.69559228650138,94.90358126721763,91.56336088154269,93.52617079889806,92.38980716253444
pulse_signal,TimeSquare_spectrum,m40db,74.3252840909091,57.06676136363637,74.3252840909091,74.3252840909091,74.3252840909091,74.43181818181819,74.36079545454545,74.36079545454545,74.46732954545455,74.25426136363636,74.39630681818183,74.7159090909091,74.609375,74.68039772727273,75.2840909090909,75.0,75.17755681818183,75.07102272727273,75.46164772727272,75.60369318181817,73.43749999999999,74.46732954545455,74.07670454545455,72.79829545454545,73.5440340909091,73.65056818181817,70.72088068181819,72.90482954545455,71.76846590909092,68.07528409090908,71.69744318181817,70.56107954545455,64.1690340909091,68.21732954545455,66.93892045454545,60.61789772727273,63.06818181818181,61.683238636363626,58.23863636363637,59.375,58.91335227272727
pulse_signal,WeaponMuseum_spectrum,m20db,94.27521008403362,89.75840336134453,94.27521008403362,94.27521008403362,94.27521008403362,94.53781512605042,94.32773109243698,94.32773109243698,95.01050420168067,94.53781512605042,94.53781512605042,95.27310924369749,94.85294117647058,94.90546218487394,95.22058823529412,95.27310924369748,95.27310924369748,95.1155462184874,95.32563025210085,95.32563025210085,94.27521008403362,95.16806722689076,95.16806722689076,93.64495798319328,95.22058823529412,95.16806722689076,93.17226890756302,95.1155462184874,95.06302521008404,92.75210084033613,94.6953781512605,94.59033613445378,91.7016806722689,93.53991596638656,93.53991596638656,91.22899159663865,92.90966386554622,92.90966386554622,90.44117647058823,91.59663865546217,91.59663865546217
pulse_signal,WeaponMuseum_spectrum,m30db,86.18697478991596,65.86134453781514,86.18697478991596,86.18697478991596,86.18697478991596,86.50210084033614,86.50210084033614,86.50210084033614,86.8172268907563,86.60714285714286,86.71218487394958,87.28991596638656,86.76470588235294,86.8172268907563,86.76470588235294,87.2373949579832,87.2373949579832,85.29411764705883,86.76470588235294,86.65966386554622,82.09033613445378,85.18907563025209,84.82142857142857,80.40966386554622,84.29621848739497,84.19117647058823,77.67857142857143,82.30042016806722,82.03781512605042,75.9453781512605,80.09453781512605,79.67436974789916,72.89915966386556,77.31092436974791,76.83823529411765,70.22058823529413,74.00210084033614,73.7920168067227,68.32983193277312,70.06302521008404,69.90546218487395
pulse_signal,WeaponMuseum_spectrum,m40db,49.84787018255577,38.995943204868155,49.84787018255577,49.84787018255577,49.84787018255577,50.15212981744421,49.94929006085192,49.89858012170385,50.45638945233265,50.25354969574036,50.05070993914808,50.2028397565923,50.35496957403651,50.45638945233265,50.0,50.30425963488844,50.2028397565923,49.49290060851927,50.0,50.0,46.55172413793103,48.174442190669374,49.49290060851927,45.436105476673426,47.31237322515213,48.73225152129818,43.45841784989858,45.283975659229206,46.85598377281948,41.835699797160245,43.71196754563895,45.436105476673426,40.87221095334686,41.835699797160245,43.45841784989858,40.26369168356998,40.66937119675457,41.02434077079107,40.06085192697768,40.26369168356998,40.26369168356998
