method,task,dataset,scene,jsr,promptad_rescore_auc,normal_dist_top50_auc,fusion_raw_lam0.02_auc,fusion_minmax_lam0.02_auc,fusion_z_lam0.02_auc,fusion_raw_lam0.05_auc,fusion_minmax_lam0.05_auc,fusion_z_lam0.05_auc,fusion_raw_lam0.1_auc,fusion_minmax_lam0.1_auc,fusion_z_lam0.1_auc,fusion_raw_lam0.2_auc,fusion_minmax_lam0.2_auc,fusion_z_lam0.2_auc,fusion_raw_lam0.4_auc,fusion_minmax_lam0.4_auc,fusion_z_lam0.4_auc,formal_baseline_auc,delta_promptad_rescore_auc_vs_formal,delta_normal_dist_top50_auc_vs_formal,delta_fusion_raw_lam0.02_auc_vs_formal,delta_fusion_minmax_lam0.02_auc_vs_formal,delta_fusion_z_lam0.02_auc_vs_formal,delta_fusion_raw_lam0.05_auc_vs_formal,delta_fusion_minmax_lam0.05_auc_vs_formal,delta_fusion_z_lam0.05_auc_vs_formal,delta_fusion_raw_lam0.1_auc_vs_formal,delta_fusion_minmax_lam0.1_auc_vs_formal,delta_fusion_z_lam0.1_auc_vs_formal,delta_fusion_raw_lam0.2_auc_vs_formal,delta_fusion_minmax_lam0.2_auc_vs_formal,delta_fusion_z_lam0.2_auc_vs_formal,delta_fusion_raw_lam0.4_auc_vs_formal,delta_fusion_minmax_lam0.4_auc_vs_formal,delta_fusion_z_lam0.4_auc_vs_formal
promptad_normal_gallery_fusion,cls,burst_signal,WeaponMuseum_spectrum,m10db,80.13736263736264,92.8021978021978,81.04395604395604,80.6043956043956,80.6043956043956,82.25274725274726,80.93406593406594,80.93406593406594,84.50549450549451,81.64835164835165,81.64835164835165,87.08791208791209,82.96703296703296,82.96703296703296,89.56043956043955,85.54945054945054,85.54945054945054,90.2747,-10.137337362637354,2.5274978021978,-9.230743956043952,-9.67030439560439,-9.67030439560439,-8.02195274725274,-9.340634065934054,-9.340634065934054,-5.769205494505485,-8.626348351648346,-8.626348351648346,-3.186787912087908,-7.307667032967032,-7.307667032967032,-0.7142604395604479,-4.725249450549455,-4.725249450549455
promptad_normal_gallery_fusion,cls,burst_signal,WeaponMuseum_spectrum,m20db,76.20879120879121,87.1978021978022,77.03296703296704,76.4835164835165,76.4835164835165,78.2967032967033,76.97802197802199,76.97802197802199,80.38461538461539,77.6923076923077,77.58241758241759,82.91208791208791,79.28571428571429,79.23076923076924,85.1098901098901,81.5934065934066,81.7032967032967,85.7692,-9.560408791208786,1.4286021978022063,-8.736232967032961,-9.285683516483502,-9.285683516483502,-7.472496703296699,-8.791178021978013,-8.791178021978013,-5.384584615384611,-8.076892307692304,-8.186782417582407,-2.8571120879120855,-6.483485714285706,-6.538430769230757,-0.6593098901098955,-4.1757934065933995,-4.065903296703297
promptad_normal_gallery_fusion,cls,burst_signal,WeaponMuseum_spectrum,m30db,67.3076923076923,80.76923076923077,67.91208791208791,67.58241758241758,67.58241758241758,68.95604395604396,68.07692307692308,67.91208791208791,70.27472527472527,68.79120879120879,68.57142857142857,73.02197802197803,69.94505494505493,69.67032967032966,76.64835164835165,72.30769230769232,71.86813186813187,73.6264,-6.318707692307697,7.14283076923077,-5.714312087912091,-6.043982417582427,-6.043982417582427,-4.670356043956048,-5.549476923076924,-5.714312087912091,-3.3516747252747336,-4.8351912087912154,-5.0549714285714344,-0.6044219780219748,-3.6813450549450693,-3.9560703296703394,3.0219516483516458,-1.318707692307683,-1.7582681318681352
promptad_normal_gallery_fusion,cls,burst_signal,Playground_spectrum,m10db,82.53703703703704,98.37037037037038,83.5925925925926,83.25925925925925,83.11111111111111,85.03703703703702,84.22222222222221,83.74074074074073,86.62962962962962,85.59259259259258,85.03703703703702,88.96296296296296,87.5925925925926,86.5185185185185,91.81481481481481,90.07407407407408,88.92592592592592,100.0,-17.462962962962962,-1.629629629629619,-16.407407407407405,-16.740740740740748,-16.888888888888886,-14.962962962962976,-15.777777777777786,-16.259259259259267,-13.370370370370381,-14.407407407407419,-14.962962962962976,-11.037037037037038,-12.407407407407405,-13.481481481481495,-8.18518518518519,-9.925925925925924,-11.074074074074076
promptad_normal_gallery_fusion,cls,burst_signal,Playground_spectrum,m20db,79.51851851851852,95.29629629629629,80.48148148148148,80.29629629629629,80.25925925925925,81.29629629629629,80.7037037037037,80.55555555555556,82.77777777777777,81.96296296296298,81.33333333333333,85.07407407407408,83.92592592592594,82.85185185185185,87.66666666666667,85.88888888888889,85.07407407407408,99.1852,-19.666681481481476,-3.888903703703704,-18.703718518518514,-18.888903703703704,-18.925940740740742,-17.888903703703704,-18.4814962962963,-18.629644444444438,-16.407422222222223,-17.22223703703702,-17.851866666666666,-14.111125925925919,-15.259274074074057,-16.333348148148147,-11.518533333333323,-13.296311111111109,-14.111125925925919
promptad_normal_gallery_fusion,cls,burst_signal,Playground_spectrum,m30db,68.62571022727272,79.72301136363636,69.2471590909091,69.0340909090909,69.06960227272727,69.921875,69.46022727272727,69.46022727272727,71.16477272727273,70.13494318181816,70.13494318181816,73.15340909090908,71.3778409090909,71.44886363636363,74.85795454545455,73.5440340909091,73.57954545454545,86.9673,-18.341589772727275,-7.244288636363635,-17.7201409090909,-17.933209090909088,-17.89769772727273,-17.045424999999994,-17.50707272727273,-17.50707272727273,-15.80252727272726,-16.832356818181836,-16.832356818181836,-13.813890909090915,-15.589459090909088,-15.518436363636368,-12.109345454545448,-13.423265909090901,-13.387754545454541
promptad_normal_gallery_fusion,cls,burst_signal,TimeSquare_spectrum,m10db,94.40860215053763,93.584229390681,95.3405017921147,95.0179211469534,94.80286738351255,96.27240143369175,95.77060931899642,95.51971326164875,97.4910394265233,96.55913978494624,96.27240143369175,98.5663082437276,97.84946236559139,97.4910394265233,99.24731182795699,98.81720430107528,98.5663082437276,99.7133,-5.3046978494623716,-6.129070609319001,-4.37279820788531,-4.695378853046606,-4.910432616487455,-3.440898566308249,-3.942690681003583,-4.193586738351257,-2.222260573476703,-3.154160215053764,-3.440898566308249,-1.1469917562723992,-1.8638376344086112,-2.222260573476703,-0.4659881720430121,-0.8960956989247251,-1.1469917562723992
promptad_normal_gallery_fusion,cls,burst_signal,TimeSquare_spectrum,m20db,93.22222222222221,92.22222222222223,94.33333333333334,93.92592592592592,93.88888888888889,95.14814814814815,94.44444444444444,94.44444444444444,96.44444444444444,95.37037037037037,95.14814814814815,98.18518518518519,96.81481481481482,96.62962962962963,99.22222222222221,98.29629629629629,98.22222222222223,98.5185,-5.296277777777789,-6.2962777777777745,-4.18516666666666,-4.592574074074079,-4.629611111111117,-3.3703518518518507,-4.07405555555556,-4.07405555555556,-2.07405555555556,-3.1481296296296364,-3.3703518518518507,-0.3333148148148126,-1.7036851851851793,-1.8888703703703698,0.7037222222222113,-0.22220370370371256,-0.29627777777777453
promptad_normal_gallery_fusion,cls,burst_signal,TimeSquare_spectrum,m30db,87.1111111111111,86.03703703703704,87.81481481481482,87.55555555555556,87.55555555555556,88.77777777777777,88.07407407407408,88.07407407407408,89.85185185185186,88.96296296296296,89.00000000000001,91.62962962962963,90.37037037037038,90.37037037037038,93.77777777777777,92.74074074074073,92.74074074074073,88.7407,-1.6295888888889039,-2.703662962962966,-0.9258851851851801,-1.1851444444444468,-1.1851444444444468,0.03707777777776755,-0.6666259259259277,-0.6666259259259277,1.111151851851858,0.222262962962958,0.2593000000000103,2.8889296296296294,1.629670370370377,1.629670370370377,5.0370777777777676,4.0000407407407295,4.0000407407407295
promptad_normal_gallery_fusion,cls,burst_signal,Gymnasium_spectrum,m10db,87.921146953405,99.2831541218638,88.70967741935483,88.31541218637993,88.31541218637993,90.17921146953405,88.49462365591397,88.5663082437276,91.32616487455196,89.35483870967742,89.56989247311827,93.26164874551972,90.68100358422939,90.86021505376343,95.98566308243728,91.86379928315411,92.25806451612904,100.0,-12.078853046595,-0.7168458781361977,-11.290322580645167,-11.68458781362007,-11.68458781362007,-9.820788530465947,-11.50537634408603,-11.433691756272395,-8.673835125448036,-10.645161290322577,-10.430107526881727,-6.738351254480278,-9.318996415770613,-9.139784946236574,-4.014336917562716,-8.136200716845892,-7.741935483870961
promptad_normal_gallery_fusion,cls,burst_signal,Gymnasium_spectrum,m20db,87.44673295454545,97.23011363636364,88.10369318181819,87.67755681818183,87.67755681818183,88.99147727272727,87.92613636363636,88.06818181818183,90.30539772727273,88.7784090909091,88.88494318181819,92.2940340909091,89.48863636363636,89.80823863636364,94.921875,91.015625,91.33522727272727,97.3722,-9.925467045454553,-0.1420863636363663,-9.26850681818182,-9.69464318181818,-9.69464318181818,-8.38072272727274,-9.446063636363647,-9.30401818181818,-7.066802272727273,-8.593790909090913,-8.48725681818182,-5.078165909090913,-7.883563636363647,-7.563961363636366,-2.4503250000000065,-6.3565750000000065,-6.03697272727274
promptad_normal_gallery_fusion,cls,burst_signal,Gymnasium_spectrum,m30db,81.5340909090909,91.83238636363636,81.99573863636364,81.78267045454545,81.78267045454545,82.5284090909091,82.10227272727273,82.10227272727273,83.45170454545455,82.5284090909091,82.49289772727273,84.80113636363636,83.23863636363636,83.27414772727273,86.78977272727273,84.6590909090909,84.6590909090909,86.8253,-5.291209090909092,5.007086363636361,-4.829561363636358,-5.042629545454545,-5.042629545454545,-4.296890909090905,-4.723027272727265,-4.723027272727265,-3.373595454545452,-4.296890909090905,-4.332402272727265,-2.024163636363639,-3.586663636363639,-3.551152272727265,-0.03552727272726486,-2.166209090909092,-2.166209090909092
promptad_normal_gallery_fusion,cls,chirp_signal,WeaponMuseum_spectrum,m10db,93.14365671641792,90.625,93.19029850746267,93.14365671641791,93.14365671641791,93.42350746268657,93.42350746268657,93.42350746268657,93.84328358208955,93.47014925373134,93.47014925373134,93.84328358208955,93.84328358208955,93.79664179104476,94.26305970149252,93.84328358208955,93.84328358208955,96.4086,-3.2649432835820846,-5.783600000000007,-3.2183014925373357,-3.264943283582099,-3.264943283582099,-2.9850925373134345,-2.9850925373134345,-2.9850925373134345,-2.565316417910452,-2.9384507462686713,-2.9384507462686713,-2.565316417910452,-2.565316417910452,-2.6119582089552438,-2.145540298507484,-2.565316417910452,-2.565316417910452
promptad_normal_gallery_fusion,cls,chirp_signal,WeaponMuseum_spectrum,m20db,91.40552995391705,86.03686635944702,91.56682027649771,91.52073732718894,91.52073732718894,91.84331797235025,91.70506912442397,91.70506912442397,92.3963133640553,91.84331797235025,91.84331797235025,92.44239631336406,92.35023041474656,92.35023041474656,92.16589861751152,92.53456221198157,92.48847926267281,94.7926,-3.3870700460829397,-8.755733640552975,-3.225779723502285,-3.2718626728110536,-3.2718626728110536,-2.949282027649744,-3.0875308755760216,-3.0875308755760216,-2.3962866359446906,-2.949282027649744,-2.949282027649744,-2.350203686635936,-2.442369585253431,-2.442369585253431,-2.626701382488477,-2.2580377880184272,-2.3041207373271817
promptad_normal_gallery_fusion,cls,chirp_signal,WeaponMuseum_spectrum,m30db,86.19257086999022,75.80645161290323,86.36363636363637,86.31476050830891,86.31476050830891,86.6080156402737,86.6080156402737,86.51026392961877,86.7546432062561,86.70576735092864,86.70576735092864,86.85239491691104,86.70576735092864,86.7546432062561,86.95014662756599,87.09677419354838,86.95014662756599,88.2698,-2.0772291300097834,-12.463348387096772,-1.9061636363636296,-1.955039491691096,-1.955039491691096,-1.6617843597262976,-1.6617843597262976,-1.7595360703812304,-1.5151567937438983,-1.5640326490713647,-1.5640326490713647,-1.4174050830889655,-1.5640326490713647,-1.5151567937438983,-1.3196533724340185,-1.1730258064516192,-1.3196533724340185
promptad_normal_gallery_fusion,cls,chirp_signal,Playground_spectrum,m10db,97.76383526383526,99.38867438867439,97.97297297297298,97.9086229086229,97.9086229086229,98.1981981981982,98.00514800514802,98.00514800514802,98.58429858429858,98.23037323037323,98.23037323037323,98.90604890604891,98.64864864864865,98.58429858429858,99.16344916344917,98.90604890604891,98.90604890604891,99.9678,-2.2039647361647354,-0.5791256113256082,-1.9948270270270143,-2.0591770913770944,-2.0591770913770944,-1.769601801801798,-1.9626519948519814,-1.9626519948519814,-1.3835014157014172,-1.7374267696267651,-1.7374267696267651,-1.061751093951088,-1.3191513513513513,-1.3835014157014172,-0.8043508365508245,-1.061751093951088,-1.061751093951088
promptad_normal_gallery_fusion,cls,chirp_signal,Playground_spectrum,m20db,93.73456790123456,96.82098765432099,94.1358024691358,93.98148148148148,93.91975308641976,94.81481481481481,94.25925925925925,94.25925925925925,95.70987654320987,95.03086419753086,94.81481481481481,96.26543209876543,95.74074074074073,95.70987654320987,97.00617283950616,96.41975308641975,96.26543209876543,99.8457,-6.111132098765438,-3.0247123456790064,-5.709897530864197,-5.864218518518513,-5.925946913580233,-5.030885185185184,-5.586440740740741,-5.586440740740741,-4.135823456790121,-4.814835802469133,-5.030885185185184,-3.5802679012345635,-4.10495925925926,-4.135823456790121,-2.83952716049383,-3.4259469135802476,-3.5802679012345635
promptad_normal_gallery_fusion,cls,chirp_signal,Playground_spectrum,m30db,84.55812480202724,91.7960088691796,84.98574596135572,84.82736775419701,84.82736775419701,85.80931263858093,85.33417801710485,85.08077288565093,86.9179600886918,86.31612290148875,86.22109597719354,88.31168831168831,87.4881216344631,87.2347165030092,90.21222679759265,89.07190370605005,88.81849857459613,96.9908,-12.432675197972756,-5.194791130820391,-12.005054038644275,-12.16343224580298,-12.16343224580298,-11.181487361419059,-11.656621982895146,-11.910027114349063,-10.072839911308193,-10.67467709851124,-10.769704022806451,-8.679111688311679,-9.502678365536894,-9.756083496990797,-6.778573202407344,-7.918896293949942,-8.172301425403859
promptad_normal_gallery_fusion,cls,chirp_signal,TimeSquare_spectrum,m10db,97.32340829901806,99.0180551156161,97.49762432689262,97.30757047830217,97.30757047830217,97.68767817548306,97.59265125118783,97.59265125118783,97.87773202407348,97.75102945834652,97.75102945834652,98.4478935698448,98.00443458980044,98.00443458980044,98.85967690845739,98.54292049414,98.63794741843522,99.3348,-2.011391700981946,-0.31674488438390824,-1.8371756731073816,-2.0272295216978335,-2.0272295216978335,-1.6471218245169439,-1.7421487488121699,-1.7421487488121699,-1.4570679759265204,-1.5837705416534789,-1.5837705416534789,-0.8869064301552072,-1.330365410199562,-1.330365410199562,-0.47512309154261345,-0.7918795058599954,-0.6968525815647837
promptad_normal_gallery_fusion,cls,chirp_signal,TimeSquare_spectrum,m20db,90.52460949012672,92.33716475095785,90.92248747421161,90.86354258768053,90.83407014441497,91.482463896257,91.33510167992927,91.24668435013261,92.30769230769229,92.01296787503684,91.95402298850574,93.22133804892425,93.10344827586205,92.83819628647214,94.42970822281166,94.04656646035957,93.7518420277041,95.6381,-5.113490509873273,-3.3009352490421406,-4.715612525788387,-4.774557412319467,-4.8040298555850285,-4.155636103742992,-4.302998320070728,-4.391415649867383,-3.330407692307702,-3.6251321249631587,-3.684077011494253,-2.416761951075742,-2.5346517241379445,-2.799903713527854,-1.2083917771883392,-1.591533539640423,-1.886257972295894
promptad_normal_gallery_fusion,cls,chirp_signal,TimeSquare_spectrum,m30db,84.1111111111111,89.20634920634922,84.34920634920636,84.38095238095238,84.34920634920636,85.07936507936508,84.82539682539682,84.95238095238095,86.19047619047619,85.84126984126983,85.93650793650794,88.31746031746033,87.61904761904762,87.74603174603173,90.50793650793652,89.71428571428572,90.0952380952381,94.8889,-10.777788888888907,-5.68255079365079,-10.539693650793652,-10.507947619047627,-10.539693650793652,-9.809534920634931,-10.063503174603184,-9.936519047619058,-8.698423809523817,-9.047630158730172,-8.95239206349207,-6.571439682539676,-7.269852380952386,-7.142868253968274,-4.380963492063486,-5.174614285714284,-4.793661904761905
promptad_normal_gallery_fusion,cls,chirp_signal,Gymnasium_spectrum,m10db,96.18673050615595,99.24760601915183,96.40902872777018,96.30642954856361,96.30642954856361,96.75102599179206,96.51162790697674,96.51162790697674,97.46922024623802,96.75102599179206,96.75102599179206,98.25581395348837,97.46922024623802,97.36662106703146,98.97400820793433,98.22161422708618,98.22161422708618,100.0,-3.8132694938440466,-0.7523939808481686,-3.5909712722298224,-3.6935704514363863,-3.6935704514363863,-3.248974008207938,-3.4883720930232585,-3.4883720930232585,-2.5307797537619763,-3.248974008207938,-3.248974008207938,-1.7441860465116292,-2.5307797537619763,-2.63337893296854,-1.0259917920656676,-1.778385772913822,-1.778385772913822
promptad_normal_gallery_fusion,cls,chirp_signal,Gymnasium_spectrum,m20db,91.96875,98.0,92.4375,92.21875,92.21875,92.96875,92.71875,92.6875,93.84375,93.06249999999999,93.03125,94.90625,93.96875,93.84375,96.15625,95.0625,95.0,97.625,-5.65625,0.375,-5.1875,-5.40625,-5.40625,-4.65625,-4.90625,-4.9375,-3.78125,-4.562500000000014,-4.59375,-2.71875,-3.65625,-3.78125,-1.46875,-2.5625,-2.625
promptad_normal_gallery_fusion,cls,chirp_signal,Gymnasium_spectrum,m30db,65.57403783431181,58.80626223091976,65.65557729941291,65.75342465753424,65.68819308545335,65.78604044357469,65.55772994129158,65.59034572733204,65.55772994129158,65.4924983692107,65.42726679712982,65.62296151337247,66.37312459230267,66.30789302022178,66.63405088062623,65.98173515981736,66.21004566210046,46.4775,19.09653783431181,12.328762230919757,19.178077299412912,19.27592465753424,19.21069308545335,19.308540443574692,19.080229941291584,19.112845727332036,19.080229941291584,19.014998369210694,18.94976679712982,19.145461513372474,19.895624592302674,19.830393020221784,20.156550880626234,19.504235159817362,19.732545662100456
promptad_normal_gallery_fusion,cls,dsss_signal,WeaponMuseum_spectrum,m10db,69.33212176283507,97.04679691049523,71.46751476601544,70.42253521126761,70.42253521126761,74.69332121762835,71.33121308496138,71.240345297592,78.41890049977283,72.73966378918672,72.4670604270786,84.55247614720581,76.32894139027715,75.87460245343026,89.27760109041346,80.37255792821445,79.73648341662881,69.5593,-0.22717823716492092,27.48749691049524,1.9082147660154476,0.8632352112676216,0.8632352112676216,5.134021217628359,1.7719130849613833,1.6810452975920072,8.859600499772839,3.1803637891867282,2.9077604270785997,14.993176147205816,6.769641390277158,6.315302453430263,19.718301090413462,10.813257928214455,10.177183416628822
promptad_normal_gallery_fusion,cls,dsss_signal,WeaponMuseum_spectrum,m20db,59.35938209904589,92.00363471149477,60.83598364379827,59.9727396637892,60.06360745115856,63.471149477510224,60.83598364379827,60.92685143116765,67.28759654702408,62.51703771013175,63.10767832803271,72.10358927760109,65.65197637437528,66.65152203543843,79.19127669241254,70.33166742389824,71.05860972285325,65.4702,-6.1108179009541175,26.533434711494763,-4.634216356201733,-5.497460336210807,-5.406592548841445,-1.9990505224897817,-4.634216356201733,-4.543348568832357,1.8173965470240745,-2.953162289868253,-2.3625216719672935,6.633389277601083,0.18177637437527494,1.181322035438427,13.721076692412538,4.861467423898233,5.588409722853243
promptad_normal_gallery_fusion,cls,dsss_signal,WeaponMuseum_spectrum,m30db,53.021353930031815,66.56065424806906,53.566560654248065,53.29395729213993,53.24852339845525,54.47523852794185,54.06633348477965,53.70286233530213,55.474784189005,55.0658791458428,54.47523852794185,57.428441617446616,56.519763743752826,56.019990913221264,61.5174920490686,59.65470240799636,58.20081781008633,49.2958,3.725553930031815,17.264854248069057,4.270760654248065,3.998157292139929,3.952723398455248,5.179438527941848,4.770533484779648,4.407062335302129,6.178984189005,5.7700791458428,5.179438527941848,8.132641617446616,7.223963743752826,6.724190913221264,12.2216920490686,10.35890240799636,8.905017810086328
promptad_normal_gallery_fusion,cls,dsss_signal,Playground_spectrum,m10db,77.623732856291,99.97018485390579,80.97793679189029,78.59272510435301,78.26475849731665,84.9731663685152,79.60644007155636,79.21884317233156,90.13118664281454,81.36553369111509,80.79904591532498,95.64698867024448,84.82409063804413,83.33333333333334,98.74776386404294,89.83303518187239,87.53726893261778,92.576,-14.952267143708994,7.394184853905799,-11.598063208109707,-13.983274895646986,-14.311241502683345,-7.602833631484799,-12.96955992844363,-13.357156827668433,-2.4448133571854527,-11.210466308884904,-11.776954084675012,3.070988670244489,-7.751909361955867,-9.24266666666665,6.171763864042944,-2.7429648181276036,-5.038731067382216
promptad_normal_gallery_fusion,cls,dsss_signal,Playground_spectrum,m20db,66.68157423971377,100.0,69.3500298151461,67.65056648777579,67.65056648777579,73.4645199761479,68.63446630888492,68.72391174716756,79.63625521765056,70.78115682766847,71.10912343470484,89.53488372093022,75.28324388789505,75.81991651759094,97.34645199761478,82.67740011926058,83.48240906380443,91.3536,-24.672025760286232,8.6464,-22.0035701848539,-23.70303351222421,-23.70303351222421,-17.889080023852102,-22.719133691115076,-22.629688252832437,-11.717344782349443,-20.572443172331532,-20.24447656529516,-1.8187162790697755,-16.070356112104946,-15.53368348240906,5.992851997614778,-8.676199880739418,-7.871190936195575
promptad_normal_gallery_fusion,cls,dsss_signal,Playground_spectrum,m30db,63.46153846153846,99.04591532498509,64.93738819320215,64.07274895646988,64.43053070960048,67.44186046511628,64.81812760882526,65.29516994633275,70.90041741204533,66.04054859868815,67.44186046511628,78.20512820512822,69.02206320810973,70.93023255813954,88.70005963029219,74.23971377459749,78.32438878950508,79.994,-16.53246153846154,19.05191532498509,-15.056611806797846,-15.92125104353012,-15.563469290399524,-12.552139534883722,-15.175872391174735,-14.698830053667251,-9.093582587954671,-13.953451401311852,-12.552139534883722,-1.7888717948717812,-10.971936791890272,-9.063767441860463,8.706059630292188,-5.75428622540251,-1.6696112104949208
promptad_normal_gallery_fusion,cls,dsss_signal,TimeSquare_spectrum,m10db,52.17650566487776,99.82110912343471,55.008944543828264,53.60763267740012,53.1902206320811,59.809183064997015,56.290995825879556,54.97912939773405,66.78592725104352,60.22659511031604,58.02027429934407,77.78771615980918,67.62075134168157,63.98330351818724,93.20214669051879,78.92069171138938,73.43470483005366,93.8879,-41.71139433512224,5.9332091234347075,-38.87895545617174,-40.28026732259988,-40.6976793679189,-34.07871693500299,-37.596904174120446,-38.90877060226595,-27.101972748956484,-33.66130488968396,-35.867625700655935,-16.100183840190823,-26.267148658318433,-29.90459648181276,-0.685753309481214,-14.967208288610621,-20.45319516994634
promptad_normal_gallery_fusion,cls,dsss_signal,TimeSquare_spectrum,m20db,69.00715563506262,99.31425163983303,70.90041741204531,70.24448419797257,69.97614788312461,73.1365533691115,71.76505664877759,71.4370900417412,77.4597495527728,74.00119260584376,73.19618366129993,84.4066785927251,78.98032200357783,77.75790101371497,93.29159212880143,86.49373881932021,84.85390578413833,89.8032,-20.796044364937387,9.511051639833028,-18.90278258795469,-19.558715802027436,-19.827052116875393,-16.666646630888508,-18.038143351222416,-18.366109958258804,-12.343450447227198,-15.802007394156249,-16.607016338700078,-5.3965214072749035,-10.822877996422179,-12.045298986285033,3.488392128801422,-3.30946118067979,-4.94929421586167
promptad_normal_gallery_fusion,cls,dsss_signal,TimeSquare_spectrum,m30db,78.04114490161001,97.46571258199165,79.30828861061418,78.80143112701252,78.77161598091831,81.21645796064401,79.96422182468694,79.93440667859272,84.37686344663088,81.90220632081096,81.78294573643412,88.93858079904591,85.3309481216458,85.27131782945737,94.99105545617174,90.63804412641622,90.42933810375672,85.5695,-7.528355098389994,11.896212581991648,-6.261211389385821,-6.7680688729874845,-6.7978840190816925,-4.353042039355998,-5.60527817531306,-5.6350933214072825,-1.1926365533691268,-3.6672936791890436,-3.7865542635658898,3.3690807990459035,-0.2385518783542011,-0.2981821705426313,9.421555456171731,5.068544126416214,4.859838103756715
promptad_normal_gallery_fusion,cls,dsss_signal,Gymnasium_spectrum,m10db,48.27072152653548,99.58258795468097,53.398926654740606,50.3875968992248,49.8211091234347,60.58437686344663,53.36911150864639,52.17650566487776,70.00596302921885,58.52713178294575,56.112104949314244,81.0077519379845,66.90518783542039,62.5819916517591,91.74120453190221,77.54919499105546,72.86821705426357,98.7776,-50.506878473464525,0.8049879546809677,-45.3786733452594,-48.3900031007752,-48.956490876565304,-38.19322313655338,-45.408488491353616,-46.60109433512225,-28.77163697078116,-40.250468217054255,-42.66549505068576,-17.769848062015512,-31.872412164579615,-36.19560834824091,-7.036395468097794,-21.22840500894455,-25.90938294573644
promptad_normal_gallery_fusion,cls,dsss_signal,Gymnasium_spectrum,m20db,52.80262373285629,99.94036970781157,55.21765056648778,53.60763267740012,53.48837209302325,58.79546809779368,55.307096004770415,55.0685748360167,64.72868217054264,57.60286225402504,57.12581991651759,74.65712581991652,62.55217650566488,61.59809183064997,86.55336911150864,70.96004770423376,69.79725700655932,96.3327,-43.53007626714371,3.607669707811567,-41.115049433512226,-42.725067322599884,-42.84432790697675,-37.53723190220632,-41.02560399522959,-41.2641251639833,-31.604017829457362,-38.72983774597496,-39.20688008348241,-21.675574180083487,-33.78052349433512,-34.73460816935003,-9.779330888491359,-25.372652295766244,-26.535442993440682
promptad_normal_gallery_fusion,cls,dsss_signal,Gymnasium_spectrum,m30db,47.33154442456768,93.53011329755516,49.344066785927254,48.33035181872391,48.3005366726297,52.86225402504472,49.76147883124627,49.55277280858676,58.0799045915325,52.68336314847944,52.41502683363149,65.65295169946333,57.84138342277878,57.15563506261181,74.92546213476446,65.20572450805008,64.43053070960048,68.4258,-21.094255575432314,25.104313297555166,-19.08173321407274,-20.095448181276083,-20.1252633273703,-15.563545974955275,-18.664321168753723,-18.873027191413236,-10.345895408467499,-15.742436851520559,-16.01077316636851,-2.7728483005366655,-10.584416577221212,-11.270164937388188,6.499662134764463,-3.2200754919499133,-3.99526929039952
promptad_normal_gallery_fusion,cls,pulse_signal,WeaponMuseum_spectrum,m20db,94.27521008403362,89.75840336134453,94.53781512605042,94.32773109243698,94.32773109243698,95.01050420168067,94.53781512605042,94.53781512605042,95.27310924369749,94.85294117647058,94.90546218487394,95.22058823529412,95.27310924369748,95.27310924369748,95.1155462184874,95.32563025210085,95.32563025210085,96.166,-1.89078991596638,-6.407596638655463,-1.6281848739495786,-1.8382689075630196,-1.8382689075630196,-1.155495798319322,-1.6281848739495786,-1.6281848739495786,-0.8928907563025064,-1.313058823529417,-1.2605378151260567,-0.9454117647058808,-0.8928907563025206,-0.8928907563025206,-1.0504537815126014,-0.8403697478991461,-0.8403697478991461
promptad_normal_gallery_fusion,cls,pulse_signal,WeaponMuseum_spectrum,m30db,86.18697478991596,65.86134453781514,86.50210084033614,86.50210084033614,86.50210084033614,86.8172268907563,86.60714285714286,86.71218487394958,87.28991596638656,86.76470588235294,86.8172268907563,86.76470588235294,87.2373949579832,87.2373949579832,85.29411764705883,86.76470588235294,86.65966386554622,77.3109,8.876074789915961,-11.449555462184861,9.191200840336137,9.191200840336137,9.191200840336137,9.506326890756299,9.296242857142857,9.401284873949578,9.979015966386555,9.453805882352938,9.506326890756299,9.453805882352938,9.926494957983195,9.926494957983195,7.983217647058822,9.453805882352938,9.348763865546218
promptad_normal_gallery_fusion,cls,pulse_signal,WeaponMuseum_spectrum,m40db,49.84787018255577,38.995943204868155,50.15212981744421,49.94929006085192,49.89858012170385,50.45638945233265,50.25354969574036,50.05070993914808,50.2028397565923,50.35496957403651,50.45638945233265,50.0,50.30425963488844,50.2028397565923,49.49290060851927,50.0,50.0,36.1055,13.742370182555774,2.8904432048681556,14.046629817444213,13.843790060851923,13.793080121703852,14.350889452332652,14.148049695740362,13.945209939148079,14.097339756592298,14.24946957403651,14.350889452332652,13.8945,14.19875963488844,14.097339756592298,13.387400608519272,13.8945,13.8945
promptad_normal_gallery_fusion,cls,pulse_signal,Playground_spectrum,m20db,90.87301587301587,97.32142857142857,91.30291005291006,91.26984126984127,91.26984126984127,92.42724867724867,92.1957671957672,91.9973544973545,93.3862433862434,92.989417989418,92.79100529100529,95.3373015873016,94.54365079365078,94.17989417989419,97.4537037037037,96.75925925925925,96.42857142857142,100.0,-9.126984126984127,-2.6785714285714306,-8.697089947089935,-8.730158730158735,-8.730158730158735,-7.57275132275133,-7.804232804232797,-8.002645502645507,-6.613756613756607,-7.010582010581999,-7.208994708994709,-4.662698412698404,-5.456349206349216,-5.820105820105809,-2.5462962962963047,-3.2407407407407476,-3.5714285714285836
promptad_normal_gallery_fusion,cls,pulse_signal,Playground_spectrum,m30db,86.7128935532234,91.07946026986508,87.06896551724138,87.06896551724138,87.18140929535232,87.6311844077961,87.55622188905548,87.74362818590706,88.30584707646177,88.23088455772114,88.45577211394303,89.880059970015,89.84257871064467,90.25487256371815,91.64167916041978,91.60419790104947,92.01649175412294,99.8876,-13.17470644677661,-8.808139730134926,-12.818634482758625,-12.818634482758625,-12.706190704647682,-12.256415592203908,-12.331378110944527,-12.14397181409295,-11.581752923538232,-11.656715442278866,-11.431827886056979,-10.007540029985009,-10.045021289355333,-9.632727436281854,-8.245920839580222,-8.283402098950532,-7.871108245877068
promptad_normal_gallery_fusion,cls,pulse_signal,Playground_spectrum,m40db,68.73278236914602,68.69834710743802,68.93939393939394,69.0426997245179,69.0426997245179,69.0771349862259,69.28374655647383,69.24931129476585,69.69696969696969,69.86914600550963,69.86914600550963,70.24793388429752,70.48898071625344,70.42011019283746,70.31680440771349,70.86776859504133,70.83333333333334,56.4394,12.293382369146023,12.258947107438026,12.499993939393939,12.603299724517903,12.603299724517903,12.637734986225901,12.84434655647383,12.809911294765847,13.25756969696969,13.429746005509635,13.429746005509635,13.808533884297525,14.049580716253438,13.980710192837456,13.877404407713492,14.428368595041327,14.393933333333344
promptad_normal_gallery_fusion,cls,pulse_signal,TimeSquare_spectrum,m20db,97.2263868065967,94.90254872563717,97.4512743628186,97.30134932533733,97.30134932533733,97.93853073463268,97.4887556221889,97.63868065967016,98.65067466266866,97.86356821589204,98.2383808095952,99.28785607196401,98.53823088455772,98.87556221889055,99.85007496251875,99.17541229385307,99.47526236881559,100.0,-2.773613193403307,-5.097451274362825,-2.5487256371814055,-2.698650674662673,-2.698650674662673,-2.0614692653673217,-2.5112443778110958,-2.3613193403298425,-1.3493253373313365,-2.1364317841079554,-1.7616191904048009,-0.7121439280359851,-1.46176911544228,-1.1244377811094495,-0.1499250374812533,-0.8245877061469287,-0.5247376311844079
promptad_normal_gallery_fusion,cls,pulse_signal,TimeSquare_spectrum,m30db,90.49586776859503,88.18870523415978,90.94352617079889,90.84022038567494,90.90909090909092,91.63223140495867,91.11570247933885,91.21900826446281,92.4931129476584,91.66666666666667,91.90771349862258,94.00826446280992,92.59641873278237,93.04407713498624,96.31542699724518,94.21487603305785,94.9724517906336,98.1405,-7.6446322314049695,-9.95179476584022,-7.196973829201113,-7.3002796143250634,-7.231409090909082,-6.508268595041329,-7.024797520661153,-6.921491735537188,-5.6473870523416,-6.4738333333333316,-6.232786501377419,-4.132235537190084,-5.544081267217635,-5.096422865013764,-1.82507300275482,-3.9256239669421547,-3.168048209366404
promptad_normal_gallery_fusion,cls,pulse_signal,TimeSquare_spectrum,m40db,74.3252840909091,57.06676136363637,74.43181818181819,74.36079545454545,74.36079545454545,74.46732954545455,74.25426136363636,74.39630681818183,74.7159090909091,74.609375,74.68039772727273,75.2840909090909,75.0,75.17755681818183,75.07102272727273,75.46164772727272,75.60369318181817,72.8693,1.455984090909098,-15.802538636363629,1.5625181818181915,1.4914954545454577,1.4914954545454577,1.5980295454545512,1.3849613636363642,1.5270068181818317,1.846609090909098,1.7400750000000045,1.8110977272727382,2.414790909090911,2.1307000000000045,2.3082568181818317,2.201722727272738,2.592347727272724,2.7343931818181773
promptad_normal_gallery_fusion,cls,pulse_signal,Gymnasium_spectrum,m20db,95.24623803009577,100.0,95.58823529411765,95.34883720930233,95.38303693570451,96.0328317373461,95.58823529411765,95.58823529411765,96.71682626538988,95.82763337893297,95.82763337893297,97.84541723666212,96.27222982216142,96.27222982216142,99.58960328317373,97.36662106703147,97.46922024623802,100.0,-4.753761969904232,0.0,-4.411764705882348,-4.6511627906976685,-4.61696306429549,-3.9671682626538995,-4.411764705882348,-4.411764705882348,-3.2831737346101164,-4.172366621067027,-4.172366621067027,-2.154582763337885,-3.727770177838579,-3.727770177838579,-0.4103967168262699,-2.633378932968526,-2.5307797537619763
promptad_normal_gallery_fusion,cls,pulse_signal,Gymnasium_spectrum,m30db,87.61648745519713,97.24014336917563,88.02867383512543,87.84946236559139,87.84946236559139,89.06810035842294,88.10035842293907,88.02867383512543,90.28673835125448,88.88888888888889,88.74551971326164,91.75627240143369,90.14336917562726,89.89247311827957,94.44444444444446,91.39784946236557,91.18279569892472,89.8925,-2.2760125448028674,7.347643369175628,-1.8638261648745669,-2.0430376344086056,-2.0430376344086056,-0.8243996415770596,-1.7921415770609315,-1.8638261648745669,0.3942383512544865,-1.0036111111111126,-1.146980286738355,1.8637724014336925,0.2508691756272583,-2.6881720430083078e-05,4.551944444444459,1.5053494623655723,1.290295698924723
promptad_normal_gallery_fusion,cls,pulse_signal,Gymnasium_spectrum,m40db,46.50900900900901,50.04826254826256,46.4929214929215,46.49292149292149,46.33204633204633,46.46074646074646,46.23552123552124,46.42857142857143,46.3963963963964,46.171171171171174,46.10682110682111,45.88159588159588,45.23809523809524,45.97812097812098,45.65637065637066,44.53024453024453,45.238095238095234,19.1441,27.36490900900901,30.904162548262555,27.348821492921495,27.348821492921488,27.18794633204633,27.316646460746462,27.09142123552124,27.28447142857143,27.252296396396396,27.027071171171173,26.962721106821107,26.737495881595876,26.09399523809524,26.834020978120975,26.51227065637066,25.38614453024453,26.093995238095232
