method,task,dataset,scene,jsr,textual_only_p_roc,clip_gallery_only_p_roc,gate_clip_beta0.25_p_roc,resnet18_layer2_gallery_only_p_roc,gate_resnet18_layer2_beta0.25_p_roc,gate_resnet18_layer2_beta0.5_p_roc,gate_resnet18_layer2_beta1_p_roc,gate_resnet18_layer2_beta2_p_roc,resnet18_layer3_gallery_only_p_roc,gate_resnet18_layer3_beta0.25_p_roc,gate_resnet18_layer3_beta0.5_p_roc,gate_resnet18_layer3_beta1_p_roc,gate_resnet18_layer3_beta2_p_roc,formal_baseline_p_roc,delta_textual_only_p_roc_vs_formal,delta_clip_gallery_only_p_roc_vs_formal,delta_gate_clip_beta0.25_p_roc_vs_formal,delta_resnet18_layer2_gallery_only_p_roc_vs_formal,delta_gate_resnet18_layer2_beta0.25_p_roc_vs_formal,delta_gate_resnet18_layer2_beta0.5_p_roc_vs_formal,delta_gate_resnet18_layer2_beta1_p_roc_vs_formal,delta_gate_resnet18_layer2_beta2_p_roc_vs_formal,delta_resnet18_layer3_gallery_only_p_roc_vs_formal,delta_gate_resnet18_layer3_beta0.25_p_roc_vs_formal,delta_gate_resnet18_layer3_beta0.5_p_roc_vs_formal,delta_gate_resnet18_layer3_beta1_p_roc_vs_formal,delta_gate_resnet18_layer3_beta2_p_roc_vs_formal
seg_resnet_gallery_fusion,seg,burst_signal,WeaponMuseum_spectrum,m10db,97.27750281590586,98.66283861045684,98.28699542627733,97.50127442770436,98.2624704860841,98.04901622322166,97.09916126307758,95.76769938336682,98.46294883178918,98.77741559425438,98.78566235925005,98.69663734371044,98.57555750492527,98.7204,-1.4428971840941358,-0.05756138954315304,-0.43340457372266883,-1.2191255722956384,-0.4579295139159001,-0.6713837767783417,-1.6212387369224217,-2.95270061663318,-0.2574511682108209,0.05701559425438063,0.06526235925005608,-0.023762656289562756,-0.14484249507472668
seg_resnet_gallery_fusion,seg,burst_signal,WeaponMuseum_spectrum,m20db,96.82074435801651,98.2316344857105,98.32135491146067,96.9981633495788,98.14880399239092,98.11285392613478,97.37760163806006,96.24516364285995,98.48677744290052,98.74491273497061,98.80189444664548,98.727868898061,98.62067873921156,98.4263,-1.6055556419834858,-0.19466551428949685,-0.10494508853932416,-1.4281366504211945,-0.27749600760907356,-0.3134460738652223,-1.048698361939941,-2.1811363571400477,0.06047744290052037,0.31861273497061404,0.37559444664547925,0.3015688980610065,0.19437873921155813
seg_resnet_gallery_fusion,seg,burst_signal,WeaponMuseum_spectrum,m30db,93.97278310696686,95.15411517705317,97.44828968451506,94.55150440344093,97.00631722800956,97.09142307285508,96.19608096997221,94.8513731045648,97.94845059933468,98.2083833811743,98.38339136182756,98.33941103754557,98.23467793328705,95.9053,-1.9325168930331387,-0.7511848229468256,1.5429896845150637,-1.353795596559067,1.1010172280095674,1.1861230728550822,0.2907809699722179,-1.0539268954351968,2.0431505993346804,2.3030833811743037,2.478091361827566,2.434111037545577,2.3293779332870486
seg_resnet_gallery_fusion,seg,burst_signal,Playground_spectrum,m10db,96.5801682680699,98.95556214875263,98.30240401749289,97.69323293152776,98.31115130785236,98.08528687975853,97.24900006339374,96.1571504741546,98.77374201064674,98.8449099227892,98.91146843287588,98.87462885935993,98.79967883825333,98.9747,-2.394531731930101,-0.01913785124736478,-0.6722959825071086,-1.2814670684722387,-0.6635486921476428,-0.8894131202414712,-1.7256999366062615,-2.8175495258453935,-0.20095798935325604,-0.12979007721079938,-0.06323156712412015,-0.10007114064006828,-0.17502116174667037
seg_resnet_gallery_fusion,seg,burst_signal,Playground_spectrum,m20db,96.32589007076639,98.47442157833872,98.14405195619472,96.43310568249883,97.83027179928322,97.32159493205143,96.03396938719946,94.55946769865417,98.36060089027508,98.7341156848963,98.75791468328342,98.63013836789749,98.46529035783583,98.5201,-2.194209929233608,-0.04567842166127889,-0.3760480438052838,-2.0869943175011656,-0.6898282007167751,-1.1985050679485738,-2.4861306128005367,-3.960632301345825,-0.1594991097249192,0.21401568489629597,0.2378146832834176,0.11003836789748789,-0.054809642164173056
seg_resnet_gallery_fusion,seg,burst_signal,Playground_spectrum,m30db,91.02827405711098,95.67065130265372,97.12851614499874,94.33572023418695,95.82891708986008,95.69349080159164,94.45477143060512,92.96355327499916,97.59235248928,97.78983988925476,97.99134297549945,97.8368710702412,97.63989003789115,95.7544,-4.726125942889027,-0.08374869734628021,1.3741161449987374,-1.418679765813053,0.07451708986008043,-0.060909198408367615,-1.2996285693948835,-2.790846725000847,1.8379524892799992,2.0354398892547607,2.2369429754994457,2.0824710702411977,1.8854900378911452
seg_resnet_gallery_fusion,seg,burst_signal,TimeSquare_spectrum,m10db,98.1617684687595,98.97865837003101,98.66660795376761,98.33385312508157,98.72679777743366,98.56697543532151,98.01725255656241,97.14059868655647,98.70716240962916,98.99945045910454,98.9914605455239,98.91242590268988,98.78814197483217,99.0019,-0.8401315312405018,-0.02324162996899304,-0.3352920462323965,-0.6680468749184314,-0.2751022225663462,-0.4349245646784965,-0.9846474434375949,-1.8613013134435334,-0.29473759037084335,-0.0024495408954692266,-0.010439454476099286,-0.08947409731013067,-0.21375802516783438
seg_resnet_gallery_fusion,seg,burst_signal,TimeSquare_spectrum,m20db,98.55595239588261,98.95726654925129,98.90910212019577,97.61626635997784,98.78276753469717,98.51822014194427,97.79329332079716,96.7133411135012,98.65036761712531,99.04104402484552,98.97895770402518,98.83715573295795,98.65651725898691,99.0058,-0.44984760411738023,-0.04853345074870674,-0.09669787980422484,-1.389533640022151,-0.22303246530282195,-0.48757985805572446,-1.212506679202832,-2.2924588864987925,-0.3554323828746817,0.035244024845525246,-0.026842295974816466,-0.1686442670420405,-0.3492827410130843
seg_resnet_gallery_fusion,seg,burst_signal,TimeSquare_spectrum,m30db,96.70848208663647,97.41832462218598,98.22532030639996,95.03144873465601,98.23164926171765,98.03217666128667,97.0913062103353,95.60531618617019,98.67658254006923,98.59598341437372,98.58316128579678,98.41669483284751,98.20714078162574,97.8975,-1.1890179133635286,-0.4791753778140162,0.3278203063999712,-2.866051265343984,0.3341492617176556,0.13467666128667588,-0.8061937896646896,-2.2921838138298085,0.7790825400692398,0.698483414373726,0.6856612857967832,0.5191948328475178,0.3096407816257454
seg_resnet_gallery_fusion,seg,burst_signal,Gymnasium_spectrum,m10db,97.40872281138225,98.78950989487589,98.29692218915491,98.35309575792503,98.54344904346219,98.40712115545554,97.61738411934982,96.41949711396953,98.59357476834137,98.8335824864976,98.82234311030585,98.66149674625197,98.42461632965669,98.809,-1.4002771886177499,-0.019490105124106094,-0.512077810845085,-0.4559042420749648,-0.26555095653780825,-0.40187884454445566,-1.1916158806501755,-2.3895028860304706,-0.21542523165862804,0.024582486497607192,0.013343110305854111,-0.14750325374802742,-0.3843836703433112
seg_resnet_gallery_fusion,seg,burst_signal,Gymnasium_spectrum,m20db,97.61284822028,98.83931495393182,98.43000245987598,98.4291952203851,98.60218465243173,98.46297083922147,97.71946203589246,96.59187256765973,98.60788132465169,98.84481377721677,98.83539587619116,98.69822551681031,98.49691541196752,98.8619,-1.2490517797200056,-0.022585046068186898,-0.4318975401240266,-0.43270477961490883,-0.2597153475682745,-0.39892916077853613,-1.1424379641075433,-2.270027432340271,-0.2540186753483198,-0.01708622278323446,-0.02650412380884859,-0.1636744831896948,-0.3649845880324847
seg_resnet_gallery_fusion,seg,burst_signal,Gymnasium_spectrum,m30db,95.29198933772861,95.9747972131487,97.88664455868077,97.3327529641142,98.10430944729637,98.02152226951372,97.09001881955092,95.73550799610626,98.45110794819317,98.38252559630926,98.3843941767476,98.13621077417982,97.7974033127568,96.6111,-1.3191106622713846,-0.6363027868512887,1.275544558680778,0.7216529641142131,1.4932094472963797,1.410422269513731,0.47891881955092686,-0.875592003893729,1.8400079481931755,1.771425596309271,1.773294176747612,1.5251107741798222,1.186303312756806
seg_resnet_gallery_fusion,seg,chirp_signal,WeaponMuseum_spectrum,m10db,98.87654127973485,98.59392519307406,98.91518758013717,98.17054547686833,98.92996287533452,98.71098906212076,98.39329697992851,98.11576002365368,97.41818181894006,98.76967578576665,98.42450762047318,97.86412734028112,97.28233639869642,98.5835,0.29304127973485095,0.010425193074055983,0.3316875801371708,-0.412954523131674,0.3464628753345238,0.12748906212075894,-0.19020302007149326,-0.4677399763463228,-1.165318181059945,0.1861757857666504,-0.158992379526822,-0.7193726597188856,-1.3011636013035854
seg_resnet_gallery_fusion,seg,chirp_signal,WeaponMuseum_spectrum,m20db,98.13636659370155,96.89335126701823,98.07888683697989,96.82561027183576,98.20158632461028,97.76574017509084,97.23977362804874,96.76688461082529,96.26097369484177,98.06823966351409,97.44514832531867,96.56066496654775,95.72827461672898,96.8307,1.3056665937015595,0.06265126701823931,1.2481868369798974,-0.005089728164236362,1.3708863246102823,0.9350401750908475,0.4090736280487448,-0.06381538917470664,-0.5697263051582269,1.2375396635140987,0.6144483253186763,-0.27003503345224544,-1.1024253832710116
seg_resnet_gallery_fusion,seg,chirp_signal,WeaponMuseum_spectrum,m30db,90.30519065036736,87.89558451698673,89.802123334452,89.29375741786853,92.22495718717668,90.89837255474109,89.28944781829347,88.06615685561603,86.18974928644754,90.93805737907257,89.35069007496558,87.48212327909555,86.0749867501173,87.8664,2.438790650367366,0.029184516986731524,1.9357233344520068,1.427357417868535,4.358557187176686,3.0319725547410883,1.423047818293469,0.1997568556160303,-1.676650713552462,3.071657379072576,1.4842900749655854,-0.3842767209044524,-1.7914132498826945
seg_resnet_gallery_fusion,seg,chirp_signal,Playground_spectrum,m10db,98.7835057581609,99.09680240604968,99.12447174606581,98.64000301940843,99.01728966443851,98.7801124072798,98.38819471353008,98.00785605123447,97.64279596605462,98.94133785351681,98.59352645060437,97.98147707473439,97.3530744005501,99.0649,-0.2813942418390951,0.03190240604968153,0.05957174606581361,-0.4248969805915692,-0.04761033556148675,-0.2847875927201926,-0.676705286469911,-1.057043948765525,-1.4221040339453737,-0.12356214648318087,-0.47137354939562215,-1.0834229252656087,-1.7118255994498952
seg_resnet_gallery_fusion,seg,chirp_signal,Playground_spectrum,m20db,97.98416322278966,97.89071168608076,98.1648515889211,95.39482293212431,97.69103571780641,96.86646691688178,95.860826801222,95.00727675047742,95.59048637427739,97.86054118097003,97.06004483510813,95.93191162683608,94.88315220410222,97.8561,0.1280632227896632,0.03461168608076548,0.30875158892109766,-2.4612770678756846,-0.16506428219358327,-0.9896330831182212,-1.9952731987779941,-2.8488232495225816,-2.265613625722608,0.0044411809700335425,-0.7960551648918681,-1.924188373163915,-2.972947795897781
seg_resnet_gallery_fusion,seg,chirp_signal,Playground_spectrum,m30db,95.31208970595438,94.89907310226721,94.61861343184572,93.17979090975145,94.70139301753207,93.52224211112981,92.42289072954509,91.65004690517551,93.46480160404926,95.36004072158346,94.37943711418998,93.31495808520262,92.47782391178161,94.8356,0.47648970595437845,0.06347310226720992,-0.21698656815428308,-1.6558090902485532,-0.13420698246792995,-1.3133578888701862,-2.4127092704549113,-3.185553094824485,-1.370798395950743,0.5244407215834599,-0.4561628858100164,-1.5206419147973804,-2.3577760882183867
seg_resnet_gallery_fusion,seg,chirp_signal,TimeSquare_spectrum,m10db,98.49301497185523,98.86435403005332,98.80550990013145,98.29297653423747,98.8194686093724,98.60745550185483,98.36593999693321,98.17444847637448,97.63489406656976,98.76949153445089,98.44734883742889,97.94340348254573,97.41374918905431,98.8655,-0.3724850281447658,-0.001145969946676928,-0.05999009986854276,-0.5725234657625293,-0.046031390627604196,-0.2580444981451677,-0.49956000306679016,-0.6910515236255179,-1.2306059334302404,-0.09600846554910447,-0.41815116257110674,-0.9220965174542641,-1.4517508109456827
seg_resnet_gallery_fusion,seg,chirp_signal,TimeSquare_spectrum,m20db,98.00472889761782,96.797296957949,97.48092107093436,97.4208077212851,98.32663020409883,97.91899025202225,97.41011115748232,96.96841802817629,96.19857960987588,97.85597035388787,97.10295662364922,96.12514206897424,95.20553405906391,96.7502,1.254528897617817,0.0470969579489946,0.7307210709343508,0.6706077212850943,1.576430204098827,1.168790252022248,0.6599111574823127,0.2182180281762811,-0.5516203901241283,1.1057703538878627,0.35275662364921345,-0.6250579310257649,-1.544665940936099
seg_resnet_gallery_fusion,seg,chirp_signal,TimeSquare_spectrum,m30db,96.92736478736732,94.62739961228469,96.18861069109597,95.22676646550592,97.15768906711088,96.51369834082564,95.740716043418,95.11901070259083,94.9149045119964,96.60232566795978,95.44738628792511,94.04453895066989,92.86734056222721,94.5948,2.3325647873673176,0.032599612284684554,1.5938106910959675,0.6319664655059114,2.5628890671108735,1.9188983408256348,1.1459160434179978,0.5242107025908211,0.3201045119963908,2.0075256679597686,0.8525862879251065,-0.5502610493301177,-1.7274594377727936
seg_resnet_gallery_fusion,seg,chirp_signal,Gymnasium_spectrum,m10db,98.59517158472107,99.32111121932618,99.10087876879463,99.30636592324986,99.14857340119335,99.15863342820077,99.10466984633386,99.02550399057486,98.58100498235763,98.91282135744682,98.7835954251195,98.49213944982837,98.15157414017769,99.327,-0.7318284152789261,-0.0058887806738141535,-0.22612123120536864,-0.020634076750141617,-0.17842659880665224,-0.16836657179922554,-0.2223301536661353,-0.30149600942513644,-0.7459950176423717,-0.41417864255318193,-0.5434045748804976,-0.8348605501716264,-1.1754258598223117
seg_resnet_gallery_fusion,seg,chirp_signal,Gymnasium_spectrum,m20db,98.48717838671634,98.98783004038498,99.15221431856784,99.10606923820384,99.06404276466625,99.05525079398649,98.98351085298134,98.88825872883281,98.42971997417915,98.93742171255411,98.76406529801245,98.36411259188894,97.91427155463339,98.9841,-0.4969216132836607,0.003730040384979816,0.1681143185678451,0.12196923820384598,0.0799427646662565,0.07115079398649016,-0.0005891470186583092,-0.09584127116718832,-0.5543800258208478,-0.04667828744588576,-0.2200347019875437,-0.6199874081110579,-1.0698284453666105
seg_resnet_gallery_fusion,seg,chirp_signal,Gymnasium_spectrum,m30db,83.55043992157619,77.0101802263491,83.83052674957332,85.80778784248966,86.87120080032345,86.27401996524779,85.50804234885145,84.88352688433045,84.87632517220732,87.7603912804305,86.5385559638132,85.23832581801756,84.29288205402415,77.3628,6.187639921576192,-0.35261977365088626,6.46772674957333,8.444987842489667,9.508400800323457,8.911219965247795,8.145242348851454,7.5207268843304576,7.5135251722073235,10.397591280430504,9.175755963813202,7.8755258180175645,6.930082054024155
seg_resnet_gallery_fusion,seg,dsss_signal,WeaponMuseum_spectrum,m10db,74.5890900254702,64.75153393051497,71.44844096657452,72.8168180820159,73.19514339104683,70.39566872667888,67.98868232877858,66.44231649105672,78.8042048229181,77.61151519804457,75.65128045823201,73.68046956427979,72.35903317710695,65.6026,8.986490025470204,-0.8510660694850287,5.845840966574528,7.214218082015904,7.592543391046831,4.793068726678882,2.386082328778585,0.8397164910567199,13.2016048229181,12.008915198044576,10.048680458232013,8.077869564279794,6.756433177106956
seg_resnet_gallery_fusion,seg,dsss_signal,WeaponMuseum_spectrum,m20db,75.92190740579343,64.08826880264284,75.34695624773231,76.59154271533373,79.74844035649869,77.18373468736073,74.70112776619183,73.0607656287,82.49730781744627,82.3677081833484,81.17398450769407,79.54014807172824,78.33816074873596,64.9857,10.93620740579344,-0.8974311973571503,10.361256247732314,11.605842715333736,14.762740356498696,12.198034687360732,9.715427766191837,8.075065628700003,17.511607817446276,17.382008183348404,16.18828450769408,14.554448071728245,13.352460748735965
seg_resnet_gallery_fusion,seg,dsss_signal,WeaponMuseum_spectrum,m30db,71.96393615435196,77.73154978487659,85.29055051718325,87.01348202657854,85.68804719484126,86.35509892383895,85.97014792231373,85.50371737855767,87.32043056008602,86.05990978757923,86.40863252557665,85.6722161060808,84.99268951978681,78.1759,-6.211963845648043,-0.4443502151234071,7.11465051718325,8.837582026578545,7.512147194841262,8.179198923838953,7.79424792231373,7.327817378557668,9.144530560086025,7.884009787579231,8.232732525576651,7.496316106080798,6.816789519786809
seg_resnet_gallery_fusion,seg,dsss_signal,Playground_spectrum,m10db,70.12630795312738,68.65159579478677,68.96383683556064,71.03102913804585,67.47601336742095,64.3450430504343,61.92568011630547,60.47655034930588,79.47813776946069,74.27123747759623,72.6842490502134,71.11143324788725,70.0824429413848,68.9937,1.1326079531273763,-0.34210420521323215,-0.029863164439362322,2.0373291380458483,-1.517686632579057,-4.648656949565705,-7.068019883694532,-8.517149650694122,10.484437769460683,5.277537477596226,3.6905490502133915,2.1177332478872444,1.088742941384794
seg_resnet_gallery_fusion,seg,dsss_signal,Playground_spectrum,m20db,74.4579401591887,66.68548115509624,71.84861982422478,73.30561299231455,74.10348079105158,70.75469960067541,68.08998672116925,66.46169757715096,82.89934710873275,80.42646433882395,78.89998581598752,77.24256445961242,76.1008567183062,67.2504,7.207540159188696,-0.5649188449037581,4.598219824224785,6.0552129923145515,6.853080791051582,3.5042996006754095,0.8395867211692547,-0.7887024228490418,15.648947108732756,13.176064338823949,11.649585815987521,9.992164459612425,8.850456718306205
seg_resnet_gallery_fusion,seg,dsss_signal,Playground_spectrum,m30db,73.7890524052515,75.30888013425296,81.45033196796703,80.37459875451025,80.40416677667864,79.10371264203746,77.47477513050742,76.29941844103415,86.09618037232649,84.67744908959595,84.15826718392718,83.00308166109815,82.10027972225366,75.7713,-1.9822475947485003,-0.4624198657470373,5.679031967967035,4.603298754510249,4.6328667766786396,3.3324126420374682,1.703475130507428,0.5281184410341524,10.32488037232649,8.906149089595957,8.386967183927183,7.231781661098154,6.3289797222536635
seg_resnet_gallery_fusion,seg,dsss_signal,TimeSquare_spectrum,m10db,76.04169652405088,69.8474776040999,73.13166484181717,75.88580900904293,75.10264083546019,72.06725472626542,69.409165257787,67.69700795159426,78.2618908020475,75.31581605357889,72.34084508708474,69.78916131300304,68.17155343205377,70.4504,5.591296524050875,-0.6029223959001087,2.6812648418171676,5.435409009042928,4.652240835460191,1.6168547262654158,-1.0412347422130068,-2.7533920484057433,7.811490802047501,4.865416053578883,1.8904450870847427,-0.6612386869969669,-2.278846567946232
seg_resnet_gallery_fusion,seg,dsss_signal,TimeSquare_spectrum,m20db,81.41786201789026,72.77539001212986,80.96348238803184,84.48651622206252,85.95444194291709,84.77465853169267,83.03845258905065,81.62719066208143,83.77969317584513,84.90144901908431,83.35194690931161,81.32599964369308,79.77906157626083,73.4672,7.950662017890252,-0.691809987870144,7.49628238803183,11.019316222062514,12.48724194291708,11.30745853169266,9.571252589050644,8.159990662081427,10.31249317584512,11.434249019084305,9.884746909311602,7.858799643693075,6.311861576260824
seg_resnet_gallery_fusion,seg,dsss_signal,TimeSquare_spectrum,m30db,79.37461623176893,86.70612362327842,85.6949053042887,86.00312503263648,85.23262470994584,85.24366959534991,84.45903319485036,83.58350233357486,85.35644999223955,84.50839315107659,84.18080365415634,83.1846073132557,82.25867746622492,86.7684,-7.393783768231074,-0.06227637672158437,-1.0734946957113038,-0.7652749673635242,-1.5357752900541612,-1.5247304046500858,-2.3093668051496365,-3.184897666425144,-1.4119500077604528,-2.2600068489234104,-2.5875963458436644,-3.583792686744303,-4.509722533775076
seg_resnet_gallery_fusion,seg,dsss_signal,Gymnasium_spectrum,m10db,59.947712798379506,67.4198080450156,62.07693491039761,76.79756159933197,69.35935222808206,69.19162934530657,67.97831050047287,67.03520091690336,70.53719093410353,58.867054289711504,57.54762212556119,56.175891361195575,55.24927734937404,67.4565,-7.5087872016205,-0.036691954984405584,-5.379565089602394,9.341061599331965,1.902852228082054,1.7351293453065608,0.521810500472867,-0.4212990830966419,3.0806909341035293,-8.589445710288501,-9.908877874438815,-11.28060863880443,-12.207222650625965
seg_resnet_gallery_fusion,seg,dsss_signal,Gymnasium_spectrum,m20db,83.82603400452662,82.19748059025879,86.11312677901634,86.67569560208773,86.97887803209991,85.66558293536683,84.21690187760697,83.17422481376173,81.4240561802618,83.36256418709452,80.6814891477639,78.30026409171789,76.76596629361892,82.721,1.1050340045266154,-0.5235194097412119,3.392126779016337,3.9546956020877246,4.25787803209991,2.9445829353668245,1.4959018776069684,0.45322481376172163,-1.2969438197382033,0.6415641870945166,-2.0395108522361056,-4.420735908282111,-5.955033706381087
seg_resnet_gallery_fusion,seg,dsss_signal,Gymnasium_spectrum,m30db,56.88024013351944,70.15250880563019,70.19183353428363,81.69300659018303,72.09601011932325,74.7887383384211,75.96397317597904,76.41211139352987,76.75951700566661,69.60526411958791,71.23330159289483,71.82564546530783,71.99793374659575,70.0468,-13.166559866480561,0.10570880563018648,0.14503353428362686,11.646206590183027,2.0492101193232486,4.741938338421093,5.9171731759790305,6.365311393529865,6.712717005666605,-0.4415358804120899,1.1865015928948281,1.7788454653078247,1.951133746595744
seg_resnet_gallery_fusion,seg,pulse_signal,WeaponMuseum_spectrum,m20db,98.94499985048243,99.52310824843629,99.54722894477686,99.59592974593195,99.54032301154743,99.56640823521968,99.56466440324658,99.54376512326783,99.0950218480435,99.42377277371831,99.41475774094262,99.36550072713482,99.29080406458945,99.5716,-0.6266001495175715,-0.048491751563716434,-0.02437105522314198,0.024329745931950697,-0.03127698845257498,-0.005191764780320796,-0.006935596753422146,-0.027834876732171665,-0.47657815195650244,-0.14782722628169154,-0.15684225905738458,-0.20609927286518825,-0.28079593541055203
seg_resnet_gallery_fusion,seg,pulse_signal,WeaponMuseum_spectrum,m30db,97.32953314054757,95.95808606519547,98.98866860210602,98.93989484852415,99.08406925425777,99.0201432049973,98.76941704820352,98.5014871547602,96.77841065587509,98.89005143213556,98.87750384889115,98.70746024619504,98.50046236202128,96.2516,1.0779331405475716,-0.2935139348045226,2.737068602106021,2.6882948485241513,2.8324692542577736,2.7685432049973002,2.5178170482035256,2.249887154760202,0.5268106558750958,2.638451432135568,2.6259038488911557,2.4558602461950443,2.248862362021285
seg_resnet_gallery_fusion,seg,pulse_signal,WeaponMuseum_spectrum,m40db,76.09920481634096,74.52673593486256,88.38693508524675,82.38998884611462,83.38127797589911,84.58959438568363,84.96396255687888,84.96918233791315,76.82705435433867,82.60207250300331,82.58688426397794,82.01979199851725,81.49399226351292,74.8164,1.2828048163409562,-0.289664065137444,13.570535085246746,7.5735888461146175,8.564877975899108,9.773194385683624,10.147562556878881,10.152782337913152,2.0106543543386692,7.785672503003312,7.770484263977934,7.203391998517247,6.677592263512921
seg_resnet_gallery_fusion,seg,pulse_signal,Playground_spectrum,m20db,99.41550176381399,99.66777084191202,99.67950482847756,99.61648234724436,99.67910490350359,99.67867195192433,99.65953071862702,99.6310453668625,98.7959810769194,99.6450941831895,99.62791222944719,99.57943950441765,99.51676703169149,99.6769,-0.261398236186011,-0.009129158087986866,0.002604828477558385,-0.060417652755646145,0.0022049035035820452,0.0017719519243257764,-0.017369281372978662,-0.04585463313750893,-0.8809189230805998,-0.031805816810503984,-0.048987770552813004,-0.0974604955823537,-0.16013296830851687
seg_resnet_gallery_fusion,seg,pulse_signal,Playground_spectrum,m30db,97.53588141370122,99.09571703302021,99.31501111406043,98.74995231274164,99.3182535304006,99.27930087702431,99.12341831066378,98.9543916425078,94.19307150214951,99.30745107257125,99.05199673456036,98.58390129817694,98.16145282666658,99.0229,-1.4870185862987881,0.07281703302020048,0.29211111406041823,-0.27294768725836605,0.29535353040058965,0.2564008770243049,0.10051831066377304,-0.06850835749220607,-4.8298284978504995,0.28455107257124723,0.029096734560354776,-0.438998701823067,-0.8614471733334312
seg_resnet_gallery_fusion,seg,pulse_signal,Playground_spectrum,m40db,92.66166290101091,79.96208866952946,91.91555228998791,81.72599914448537,95.10345833966713,93.65036095285004,91.51878460260455,89.75156505241323,70.43904773226548,93.77632023179203,90.52272609799552,86.72738030765204,84.0055080257709,79.688,12.973662901010911,0.274088669529462,12.227552289987912,2.0379991444853687,15.415458339667126,13.962360952850034,11.830784602604552,10.063565052413225,-9.248952267734524,14.088320231792025,10.834726097995514,7.0393803076520385,4.317508025770891
seg_resnet_gallery_fusion,seg,pulse_signal,TimeSquare_spectrum,m20db,99.30602220340103,99.65835601842801,99.62149092569415,99.58372253658558,99.55069449477026,99.5378788801618,99.49952859970736,99.4517197208161,98.72631293436467,99.48270618714467,99.44738412851406,99.36977830122984,99.26690353036986,99.6703,-0.3642777965989694,-0.011943981571988616,-0.048809074305850686,-0.08657746341441452,-0.11960550522974245,-0.13242111983819882,-0.1707714002926366,-0.21858027918389666,-0.9439870656353264,-0.18759381285532584,-0.22291587148593806,-0.30052169877015444,-0.4033964696301382
seg_resnet_gallery_fusion,seg,pulse_signal,TimeSquare_spectrum,m30db,99.07804878733654,99.69771836101408,99.6453008224646,99.6383809258498,99.63014014018458,99.6285495203828,99.59983497313519,99.56105573819538,98.77579748545416,99.51816999985152,99.40713841285842,99.18347368764594,98.94447647670435,99.6871,-0.6090512126634593,0.010618361014081756,-0.041799177535395415,-0.04871907415019905,-0.05695985981542151,-0.05855047961719606,-0.08726502686481297,-0.1260442618046227,-0.911302514545838,-0.16893000014847814,-0.27996158714158526,-0.5036263123540579,-0.7426235232956486
seg_resnet_gallery_fusion,seg,pulse_signal,TimeSquare_spectrum,m40db,97.44666261806881,91.9273276953816,98.35187417825223,98.31991607356761,98.84199269689711,98.8380369799418,98.70575877065575,98.55631057672447,86.00141420663326,97.40551563500559,96.05883441005251,94.50487851117846,93.34478251340485,91.8591,5.587562618068816,0.06822769538160856,6.492774178252233,6.460816073567614,6.98289269689711,6.978936979941807,6.8466587706557505,6.697210576724473,-5.857685793366741,5.546415635005587,4.199734410052514,2.645778511178463,1.4856825134048535
seg_resnet_gallery_fusion,seg,pulse_signal,Gymnasium_spectrum,m20db,99.31803208909231,99.7075544874198,99.60605356892725,99.62794576948039,99.53850585963708,99.55677302342501,99.55072822159089,99.52996210864524,99.23382753688638,99.38118953420381,99.35033082387422,99.25848107276454,99.12979987964535,99.7141,-0.3960679109076892,-0.006545512580203194,-0.10804643107275069,-0.08615423051961102,-0.17559414036291798,-0.15732697657499273,-0.16337177840911465,-0.18413789135476577,-0.4802724631136215,-0.3329104657961892,-0.3637691761257855,-0.45561892723546293,-0.584300120354655
seg_resnet_gallery_fusion,seg,pulse_signal,Gymnasium_spectrum,m30db,99.13959454040638,98.01344430954721,99.51512753922171,99.57373880889774,99.52755350292406,99.5072605866753,99.43965125142633,99.35892453560523,99.03554044256981,99.40130101064037,99.24637201222153,98.97847181845651,98.71509583515018,98.3034,0.8361945404063817,-0.2899556904527856,1.2117275392217124,1.2703388088977476,1.224153502924068,1.2038605866753045,1.13625125142633,1.0555245356052296,0.7321404425698148,1.0979010106403706,0.9429720122215315,0.6750718184565159,0.4116958351501836
seg_resnet_gallery_fusion,seg,pulse_signal,Gymnasium_spectrum,m40db,47.006796916410174,60.72462634358162,75.14298111895113,51.09782102001533,49.702959745601866,50.83834902633695,51.63761954103494,52.09605687762841,41.87644861094433,41.32554518505343,41.55312439566652,41.89638775818664,42.13046674969807,60.6814,-13.674603083589822,0.04322634358162247,14.46158111895113,-9.583578979984665,-10.97844025439813,-9.843050973663047,-9.04378045896506,-8.585343122371583,-18.804951389055667,-19.355854814946568,-19.128275604333474,-18.785012241813355,-18.550933250301924
